CURVE,X,Y
125,0,0.003
267,0,0.068
87,0,0.003
359,0,0.1
340,0,0.11881
281,0,0.08
114,0,0.13
406,0,0.15
90,0,0.14
86,0,0.12
65,0,0.068
384,0,0.15842
166,0,0.16
45,0,0.15152
383,0,0.17822
299,0,0.17
385,0,0.19802
230,0,0.24
284,0,0.26
282,0,0.28
197,0,0.27
113,0,0.25
88,0,0.291
44,0,0.18182
300,0,0.31
256,0,0.32
198,0,0.33
160,0,0.369
28,0,0.3
27,0,0.369
332,0,0.37
199,0,0.4
438,0,0.46
386,0,0.46535
178,0,0.43
283,0,0.58
255,0,0.57
67,0,0.52
357,0,0.6715
177,0,0.6715
316,0,0.83
358,0,0.9
126,0,0.86
89,0,0.74
66,0,0.6715
46,0,0.48485
7,0,0.37
6,0,0.17
378,0,0
378,20,0
378,30,0.2
378,40,15
378,50,62
378,60,120.3
378,70,176.9
378,80,225.2
378,90,265.7
378,100,298.9
378,110,326.1
378,120,348.7
378,130,368.1
378,140,384.6
378,150,398.8
378,160,410.5
378,170,420.2
378,180,428.8
378,190,436.1
378,200,442.1
378,210,447.1
378,220,450.9
378,230,454.4
378,240,456.8
378,250,458.4
378,270,461.2
378,280,461.6
378,290,462.1
319,0,0
319,20,0
319,30,0.5
319,40,5.8
319,50,15.2
319,60,24.7
319,70,33.2
319,80,40.4
319,90,46.4
319,100,51.2
319,110,55.4
319,120,58.8
319,130,61.7
319,140,64.2
319,150,66.5
319,160,68.4
319,190,72
319,200,73.1
319,210,74.1
319,220,75
319,240,76.6
319,250,77.3
319,270,78.5
319,290,79.5
240,0,0
240,20,0
240,30,0.1
240,40,3.7
240,50,23.7
240,60,57.3
240,70,92.7
240,80,125.4
240,90,154.5
240,100,179.7
240,110,201.4
240,120,220
240,130,235.4
240,140,248.8
240,150,260.1
240,160,270.1
240,170,278.7
240,180,286
240,190,291.5
240,200,296.5
240,210,301
240,220,305.3
240,230,309.1
240,240,312.5
240,250,315.5
240,260,318.3
240,270,320.9
240,280,323.3
240,290,325.4
317,0,0
317,20,0
317,30,1
317,40,12.6
317,50,33
317,60,53.7
317,70,72.1
317,80,87.7
317,90,100.7
317,100,111.2
317,110,120.1
317,120,127.6
317,130,134
317,140,139.4
317,150,144.2
317,160,148.4
317,180,153.8
317,200,158.6
317,210,160.8
317,220,162.8
317,230,164.6
317,240,166.2
317,260,169.2
317,270,170.4
317,290,172.6
30,0,0
30,20,0
30,30,0.8
30,40,10.6
30,50,27.6
30,60,44.8
30,70,60.1
30,80,73.2
30,90,84.1
30,100,92.8
30,110,100.3
30,120,106.5
30,130,111.8
30,140,116.4
30,150,120.4
30,160,123.9
30,180,128.3
30,190,130.4
30,200,132.4
30,210,134.2
30,220,135.9
30,230,137.4
30,240,138.8
30,260,141.2
30,270,142.3
30,290,144.1
320,0,0
320,20,0
320,30,2.7
320,40,34.2
320,50,89.5
320,60,145.5
320,70,195.3
320,80,237.7
320,90,273
320,100,301.4
320,110,325.6
320,120,345.9
320,130,363.1
320,140,377.8
320,150,390.9
320,160,402.2
320,170,409.6
320,180,416.7
320,190,423.4
320,200,429.8
320,210,435.7
320,220,441.1
320,230,446
320,240,450.4
320,250,454.6
320,260,458.5
320,270,461.8
320,280,464.9
320,290,467.7
318,0,0
318,20,0
318,30,2.2
318,40,28.4
318,50,74.3
318,60,120.8
318,70,162.1
318,80,197.3
318,90,226.6
318,100,250.2
318,110,270.2
318,120,287.1
318,130,301.4
318,140,313.6
318,150,324.4
318,160,333.8
318,170,340
318,180,345.9
318,190,351.4
318,200,356.7
318,210,361.6
318,220,366.1
318,230,370.2
318,240,373.8
318,250,377.3
318,260,380.6
318,270,383.3
318,280,385.9
318,290,388.2
31,0,0
31,20,0
31,30,2.8
31,40,35.2
31,50,91.9
31,60,149.3
31,70,200.5
31,80,244.1
31,90,280.3
31,100,309.4
31,110,334.3
31,120,355.1
31,130,372.8
31,140,387.9
31,150,401.3
31,160,412.9
31,170,420.5
31,180,427.8
31,190,434.7
31,200,441.3
31,210,447.3
31,220,452.9
31,230,457.9
31,240,462.5
31,250,466.7
31,260,470.8
31,270,474.2
31,280,477.3
31,290,480.2
29,0,0
29,20,0
29,30,1
29,40,13
29,50,33.9
29,60,55.1
29,70,74
29,80,90.1
29,90,103.4
29,100,114.2
29,110,123.4
29,120,131
29,130,137.6
29,140,143.1
29,150,148.1
29,160,152.4
29,170,155.2
29,180,157.9
29,190,160.4
29,200,162.8
29,210,165.1
29,220,167.1
29,230,169
29,240,170.7
29,260,173.7
29,270,175
29,290,177.2
26,0,0
26,5,0
26,6,1
26,25,1
26,26,0
5,0,0
5,5,0
5,6,1
5,25,1
5,26,0
364,0,0
364,30,0
364,40,0.1
364,50,1
364,60,6.2
364,70,17.8
364,80,31.9
364,90,46.6
364,100,61.2
364,110,74.4
364,120,86.5
364,130,97.4
364,140,107
364,150,115.4
364,160,122.7
364,170,129.1
364,180,134.6
364,190,139.4
364,200,143.4
364,210,146.4
364,220,148.9
364,230,151.2
364,240,153.2
364,250,154.9
364,260,156.5
364,270,157.8
364,280,159
364,290,160.1
362,0,0
362,30,0
362,40,0.1
362,50,0.9
362,60,5.6
362,70,16
362,80,28.7
362,100,55.1
362,110,67
362,120,77.9
362,130,87.7
362,140,96.3
362,150,103.9
362,160,110.4
362,170,116.2
362,180,121.1
362,190,125.5
362,200,129.1
362,210,131.8
362,220,134
362,230,136.1
362,240,137.9
362,250,139.4
362,260,140.8
362,270,142
362,280,143.1
362,290,144.1
361,0,0
361,30,0
361,40,0.1
361,50,0.7
361,60,4.2
361,70,12
361,80,21.4
361,90,31.3
361,100,41.1
361,110,50
361,120,58.1
361,130,65.4
361,140,71.9
361,150,77.5
361,160,82.4
361,170,86.7
361,180,90.4
361,190,93.6
361,200,96.3
361,210,98.3
361,220,100
361,230,101.5
361,240,102.9
361,260,105.1
361,270,106
361,280,106.8
361,290,107.5
305,0,0
305,30,0
305,40,0.1
305,50,1.1
305,60,7
305,70,17.6
305,80,30.4
305,90,43.3
305,100,55.7
305,110,66.9
305,120,77.3
305,130,86.6
305,140,94.6
305,150,101.7
305,160,108
305,170,113.4
305,180,117.8
305,190,121.2
305,200,124.1
305,210,126.7
305,220,128.9
305,230,130.9
305,240,132.6
305,250,134.1
305,260,135.5
305,270,136.8
305,280,137.9
305,290,138.9
407,0,0
407,30,0
407,40,0.1
407,50,0.7
407,60,1.9
407,90,5.8
407,110,8
407,120,8.9
407,140,10.3
407,160,11.3
407,170,11.7
407,180,11.9
407,190,12.2
407,200,12.3
407,210,12.5
407,220,12.6
407,230,12.8
407,240,12.9
407,250,12.9
407,280,13.2
302,0,0
302,30,0
302,40,0.1
302,50,0.7
302,60,4.7
302,70,11.8
302,80,20.4
302,90,29.1
302,100,37.4
302,110,44.9
302,120,51.9
302,130,58.2
302,140,63.5
302,150,68.3
302,160,72.5
302,170,76.1
302,180,79.1
302,190,81.4
302,200,83.3
302,210,85.1
302,220,86.6
302,230,87.9
302,240,89
302,260,91
302,270,91.9
302,290,93.3
287,0,0
287,30,0
287,40,0.1
287,50,2
287,60,10.2
287,70,26
287,80,44.4
287,90,63.2
287,100,80.7
287,110,96.7
287,120,110.9
287,130,123.3
287,140,134.2
287,150,143.7
287,160,152
287,170,159.2
287,180,165.6
287,190,170.9
287,200,175.6
287,210,179.7
287,220,183.2
287,230,186
287,240,188.4
287,250,190.5
287,260,192.3
287,270,193.9
287,280,194.9
287,290,195.7
257,0,0
257,30,0
257,40,0.1
257,50,2.2
257,60,11.6
257,70,28.8
257,80,47.9
257,90,67.1
257,100,85.4
257,110,101.9
257,120,116.7
257,130,129.7
257,140,141.2
257,150,151.2
257,160,160.1
257,170,167.7
257,180,174.5
257,190,180.5
257,200,185.7
257,210,190.1
257,220,194
257,230,197.4
257,240,200.2
257,250,202.8
257,260,205
257,270,206.8
257,280,208.2
257,290,209.3
289,0,0
289,30,0
289,40,0.1
289,50,3.4
289,60,17.6
289,70,44.9
289,80,76.6
289,90,108.9
289,100,139.2
289,110,166.7
289,120,191.2
289,130,212.6
289,140,231.3
289,150,247.7
289,160,262
289,170,274.4
289,180,285.5
289,190,294.7
289,200,302.8
289,210,309.9
289,220,315.8
289,230,320.7
289,240,324.9
289,250,328.5
289,260,331.6
289,270,334.3
289,280,336
289,290,337.4
259,0,0
259,30,0
259,40,0.1
259,50,3.9
259,60,20.4
259,70,50.5
259,80,84.1
259,90,117.8
259,100,149.8
259,110,178.7
259,120,204.7
259,130,227.6
259,140,247.7
259,150,265.3
259,160,280.8
259,170,294.2
259,180,306.2
259,190,316.7
259,200,325.8
259,210,333.5
259,220,340.4
259,230,346.3
259,240,351.3
259,250,355.8
259,260,359.7
259,270,362.8
259,280,365.3
259,290,367.2
219,0,0
219,30,0
219,40,0.1
219,50,2.8
219,60,12.4
219,70,25
219,80,38.5
219,90,51.4
219,100,63.5
219,110,74.4
219,120,84.2
219,130,93.1
219,140,100.5
219,150,106.9
219,160,112.3
219,170,116.7
219,180,120.5
219,190,123.7
219,200,126.4
219,210,128.8
219,220,130.5
219,230,132
219,240,133.4
219,250,134.5
219,270,136.3
219,280,137.1
219,290,137.7
233,0,0
233,30,0
233,40,0.2
233,50,2.5
233,60,10.6
233,70,26.2
233,90,64.2
233,100,81.9
233,110,97.8
233,120,111.8
233,130,124
233,140,134.7
233,150,144
233,160,152.1
233,170,159.1
233,180,165.4
233,190,170.1
233,200,174.3
233,210,178
233,220,181.4
233,230,184.5
233,240,187.2
233,250,189.7
233,260,192
233,270,194
233,280,195.9
233,290,197.6
409,0,0
409,30,0
409,40,0.2
409,50,1.6
409,60,4.1
409,70,7.1
409,80,10
409,90,12.8
409,100,15.3
409,110,17.6
409,120,19.6
409,130,21.3
409,140,22.7
409,150,23.9
409,160,24.9
409,170,25.7
409,180,26.3
409,190,26.8
409,210,27.6
409,220,27.9
409,270,28.9
409,280,29
409,290,29.2
220,0,0
220,30,0
220,40,0.2
220,50,4.2
220,60,18.5
220,70,37.3
220,80,57.4
220,90,76.5
220,100,94.6
220,110,110.8
220,120,125.4
220,130,138.6
220,140,149.7
220,150,159.2
220,160,167.3
220,170,173.8
220,180,179.4
220,190,184.2
220,200,188.3
220,210,191.8
220,220,194.4
220,230,196.6
220,240,198.6
220,250,200.3
220,260,201.7
220,270,203
220,280,204.1
220,290,205.1
162,0,0
162,30,0
162,40,0.1
162,50,1.6
162,60,7.3
162,70,19.1
162,80,36.8
162,90,54.8
162,100,72.1
162,110,88
162,120,102.3
162,130,114.7
162,140,125.6
162,150,135.1
162,160,143.4
162,170,150.8
162,180,156.2
162,190,160.9
162,200,165.1
162,210,168.8
162,220,172.2
162,230,175.2
162,240,178
162,250,180.5
162,260,182.8
162,270,184.8
162,280,186.7
162,290,188.4
181,0,0
181,30,0
181,40,0.4
181,50,4.3
181,60,11.5
181,70,20.1
181,80,28.4
181,90,36.5
181,100,43.8
181,110,50.5
181,120,56.2
181,130,61.1
181,140,65.3
181,150,68.7
181,160,71.6
181,170,74
181,180,76
181,190,77.2
181,210,79
181,220,79.8
181,240,81
181,250,81.5
181,270,82.3
181,290,82.9
408,0,0
408,30,0
408,40,0.7
408,50,7
408,60,18.5
408,70,31.8
408,80,44.8
408,90,57.3
408,100,68.6
408,110,78.9
408,120,87.7
408,130,95.2
408,140,101.7
408,150,107
408,160,111.4
408,170,115.2
408,180,117.9
408,190,120
408,200,121.8
408,210,123.4
408,220,124.8
408,230,125.9
408,240,126.9
408,260,128.7
408,270,129.4
408,290,130.6
180,0,0
180,30,0
180,40,0.7
180,50,6.6
180,60,18
180,70,31.4
180,80,44.4
180,90,57
180,100,68.4
180,110,78.8
180,120,87.7
180,130,95.4
180,140,101.9
180,150,107.3
180,160,111.8
180,170,115.6
180,180,118.7
180,190,120.5
180,200,122
180,210,123.4
180,220,124.6
180,230,125.6
180,250,127.2
180,260,127.9
180,280,129.1
180,290,129.5
168,0,0
168,30,0
168,40,0.5
168,50,3.1
168,60,8
168,70,13.3
168,80,18.3
168,90,22.8
168,100,26.6
168,110,30
168,120,32.8
168,130,35.3
168,140,37.3
168,150,39.1
168,160,40.6
168,170,41.9
168,180,43
168,190,44
168,200,44.9
168,210,45.7
168,220,46.4
168,230,47
168,250,48
168,280,49.2
168,290,49.5
95,0,0
95,30,0
95,40,0.4
95,50,2.8
95,60,6.5
95,70,10.6
95,80,14.6
95,90,18.3
95,100,21.7
95,110,24.6
95,120,27
95,130,29
95,140,30.7
95,150,32
95,160,33.1
95,170,33.9
95,180,34.5
95,200,35.5
95,220,35.9
95,270,36.4
95,280,36.4
95,290,36.5
200,0,0
200,30,0
200,40,0.9
200,50,6.7
200,60,16.7
200,70,27.8
200,80,38.5
200,90,47.7
200,100,55.6
200,110,62.4
200,120,67.9
200,130,72.7
200,140,76.7
200,150,80.1
200,160,83.1
200,170,85.7
200,180,88
200,190,90
200,200,91.5
200,210,92.9
200,220,94.1
200,230,95.2
200,240,96.1
200,250,96.8
200,260,97.4
200,270,97.9
200,290,98.5
182,0,0
182,30,0
182,40,1
182,50,9.9
182,60,26.8
182,70,46.7
182,80,66.1
182,90,84.9
182,100,101.8
182,110,117.4
182,120,130.6
182,130,142
182,140,151.8
182,150,159.8
182,160,166.5
182,170,172.2
182,180,176.8
182,190,179.5
182,200,181.7
182,210,183.8
182,220,185.5
182,230,187
182,240,188.3
182,250,189.5
182,260,190.5
182,270,191.4
182,280,192.2
182,290,192.8
411,0,0
411,30,0
411,40,1.1
411,50,10.4
411,60,27.5
411,70,47.4
411,80,66.7
411,90,85.3
411,100,102.2
411,110,117.5
411,120,130.6
411,130,141.8
411,140,151.4
411,150,159.3
411,160,165.9
411,170,171.6
411,180,175.6
411,190,178.7
411,200,181.4
411,210,183.8
411,220,185.8
411,230,187.5
411,240,189
411,260,191.6
411,270,192.7
411,290,194.5
246,0,0
246,30,0
246,40,1.5
246,50,10.1
246,60,22.8
246,70,35.4
246,80,46
246,90,54.6
246,100,61.1
246,110,66.3
246,120,70.2
246,130,72.9
246,140,75
246,150,76.8
246,160,77.9
246,180,78.9
246,190,79.2
246,200,79.6
246,210,79.7
246,220,79.6
246,240,79.6
246,250,79.5
239,0,0
239,30,0
239,40,1.4
239,50,8.7
239,60,21.1
239,70,34.2
239,80,46.3
239,90,57
239,100,66.3
239,110,74.3
239,120,81.2
239,130,86.9
239,140,91.8
239,150,96
239,160,99.7
239,170,102.8
239,180,105.5
239,190,107.6
239,200,109.4
239,210,111.1
239,220,112.7
239,230,114.1
239,240,115.3
239,260,117.5
239,280,119.3
239,290,120.1
202,0,0
202,30,0
202,40,1.3
202,50,10
202,60,24.8
202,70,41.2
202,80,57
202,90,70.6
202,100,82.4
202,110,92.4
202,120,100.6
202,130,107.6
202,140,113.6
202,150,118.6
202,160,123.2
202,170,127
202,180,130.4
202,190,133.3
202,200,135.6
202,210,137.7
202,220,139.4
202,230,141
202,240,142.4
202,250,143.4
202,260,144.3
202,270,145.1
202,290,145.9
201,0,0
201,30,0
201,40,1.1
201,50,8.2
201,60,20.4
201,70,34
201,80,47
201,90,58.3
201,100,68
201,110,76.2
201,120,83
201,130,88.8
201,140,93.7
201,150,97.9
201,160,101.6
201,170,104.8
201,180,107.5
201,190,110
201,200,111.9
201,210,113.6
201,230,116.4
201,240,117.4
201,250,118.3
201,260,119.1
201,270,119.7
201,280,120.1
201,290,120.4
167,0,0
167,30,0
167,40,1.1
167,50,7.2
167,60,18.5
167,70,30.7
167,80,42.3
167,90,52.5
167,100,61.4
167,110,69.1
167,120,75.7
167,130,81.3
167,140,86.1
167,150,90.1
167,160,93.6
167,170,96.6
167,180,99.1
167,190,101.4
167,200,103.5
167,210,105.3
167,220,106.9
167,230,108.3
167,240,109.6
167,250,110.7
167,260,111.7
167,280,113.5
167,290,114.2
245,0,0
245,30,0
245,40,6.1
245,50,42.1
245,60,95.1
245,70,147.5
245,80,191.8
245,90,227.3
245,100,254.7
245,110,276.3
245,120,292.3
245,130,303.9
245,140,312.7
245,150,319.8
245,160,324.5
245,170,326.8
245,180,328.7
245,190,330.2
245,200,331.5
245,210,331.9
245,220,331.7
245,260,331.3
245,270,331.3
245,280,331.2
203,0,0
203,30,0
203,40,3.3
203,50,24.9
203,60,61.9
203,70,103
203,80,142.5
203,90,176.6
203,100,206
203,110,231
203,120,251.6
203,130,269.1
203,140,283.9
203,150,296.6
203,160,307.9
203,170,317.5
203,180,325.9
203,190,333.3
203,200,339
203,210,344.2
203,220,348.6
203,230,352.6
203,240,355.9
203,250,358.4
203,260,360.8
203,270,362.7
203,280,363.8
203,290,364.8
169,0,0
169,30,0
169,40,3
169,50,19.4
169,60,50.2
169,70,83.3
169,80,114.6
169,90,142.3
169,100,166.5
169,110,187.3
169,120,205.2
169,130,220.4
169,140,233.2
169,150,244.3
169,160,253.6
169,170,261.7
169,180,268.6
169,190,274.9
169,200,280.6
169,210,285.5
169,220,289.7
169,230,293.5
169,240,296.9
169,250,300
169,260,302.7
169,270,305.2
169,280,307.5
169,290,309.5
96,0,0
96,30,0
96,40,2.6
96,50,19.8
96,60,46.6
96,70,75.8
96,80,104.5
96,90,131
96,100,154.8
96,110,175.4
96,120,192.9
96,130,207.3
96,140,219.1
96,150,228.7
96,160,236.4
96,170,241.9
96,180,246.4
96,190,250.2
96,200,253.4
96,210,255.3
96,220,256.4
96,230,257.3
96,250,258.7
96,270,259.7
96,280,260
96,290,260.4
94,0,0
94,30,0
94,40,1.9
94,50,14.7
94,60,34.5
94,70,56.1
94,80,77.3
94,90,96.9
94,100,114.6
94,110,129.8
94,120,142.7
94,130,153.4
94,140,162.1
94,150,169.2
94,160,174.9
94,170,179
94,180,182.3
94,190,185.1
94,200,187.5
94,210,188.9
94,220,189.7
94,230,190.4
94,250,191.4
94,270,192.2
94,280,192.4
94,290,192.7
93,0,0
93,30,0
93,40,0.8
93,50,5.8
93,60,13.6
93,70,22.1
93,80,30.4
93,90,38.1
93,100,45
93,110,51
93,120,56.1
93,130,60.3
93,140,63.8
93,150,66.6
93,160,68.8
93,170,70.4
93,180,71.7
93,190,72.8
93,200,73.7
93,210,74.3
93,230,74.9
93,250,75.3
93,260,75.4
93,270,75.6
93,290,75.8
410,0,0
410,30,0
410,40,0.3
410,50,2.7
410,60,7.2
410,70,12.3
410,80,17.3
410,90,22.2
410,100,26.6
410,110,30.6
410,120,34
410,130,36.9
410,140,39.4
410,150,41.4
410,160,43.1
410,170,44.6
410,180,45.7
410,190,46.5
410,200,47.2
410,210,47.8
410,230,48.8
410,240,49.1
410,250,49.5
410,270,50.1
410,280,50.3
410,290,50.6
91,0,0
91,30,0
91,40,0.3
91,50,2.4
91,60,5.6
91,70,9.1
91,80,12.5
91,90,15.7
91,100,18.6
91,110,21
91,120,23.1
91,130,24.9
91,140,26.3
91,150,27.4
91,160,28.4
91,180,29.6
91,200,30.4
91,220,30.8
91,240,31
91,250,31
91,270,31.2
70,0,0
70,30,0
70,40,0.1
70,50,0.6
70,60,3.4
70,70,9.2
70,80,16.3
70,90,23.7
70,100,30.8
70,110,37.3
70,120,43.3
70,130,48.7
70,140,53.4
70,150,57.5
70,160,61.1
70,170,64.2
70,180,66.9
70,190,69.3
70,210,71.3
70,220,72.2
70,240,73.6
70,260,74.8
70,270,75.3
70,290,76.1
231,0,0
231,30,0
231,40,0.1
231,50,0.9
231,60,3.9
231,70,9.7
231,90,23.7
231,100,30.2
231,110,36.1
231,120,41.3
231,130,45.8
231,140,49.7
231,150,53.1
231,160,56.1
231,170,58.7
231,180,61
231,190,62.8
231,200,64.3
231,210,65.7
231,230,68.1
231,240,69.1
231,250,70
231,270,71.6
231,280,72.3
231,290,72.9
71,0,0
71,30,0
71,40,0.1
71,50,1.1
71,60,6.5
71,70,17.7
71,80,31.4
71,90,45.5
71,100,59.3
71,110,71.7
71,120,83.3
71,130,93.6
71,140,102.6
71,150,110.5
71,160,117.5
71,170,123.5
71,180,128.7
71,190,133.2
71,200,135.2
71,210,137.1
71,220,138.8
71,240,141.6
71,260,143.8
71,270,144.8
71,280,145.6
71,290,146.3
179,0,0
179,30,0
179,40,0.1
179,50,0.7
179,60,1.8
179,70,3.2
179,90,5.8
179,110,8
179,120,8.9
179,130,9.7
179,150,10.9
179,170,11.7
179,180,12
179,200,12.4
179,260,13
179,270,13
179,280,13.1
69,0,0
69,30,0
69,40,0.1
69,50,0.7
69,60,4.4
69,70,11.9
69,80,21.1
69,90,30.6
69,100,39.8
69,110,48.1
69,120,55.9
69,130,62.9
69,140,68.9
69,150,74.2
69,160,78.9
69,170,82.9
69,180,86.4
69,190,89.4
69,200,90.8
69,210,92.1
69,220,93.2
69,230,94.1
69,240,95.1
69,250,95.8
69,260,96.6
69,280,97.8
69,290,98.2
440,0,0
440,70,0
440,80,1.6
440,90,3.6
440,100,9.3
440,110,15.6
440,120,22.2
440,130,30.6
440,140,37.8
440,150,44.4
440,160,50
440,170,54.9
440,180,59.3
440,190,63
440,200,66.2
440,210,69
440,220,71.3
440,230,73.2
440,240,74.8
440,250,76.1
440,260,77.3
440,280,79.1
440,290,79.8
439,0,0
439,70,0
439,80,0.7
439,90,1.7
439,100,4.3
439,110,7.2
439,120,10.2
439,130,14.1
439,140,17.4
439,150,20.4
439,160,23
439,170,25.3
439,180,27.3
439,190,29
439,200,30.5
439,210,31.7
439,220,32.8
439,230,33.7
439,240,34.4
439,260,35.6
439,280,36.4
439,290,36.7
422,0,0
422,70,0
422,80,0.5
422,90,1.4
422,100,3.1
422,110,5.3
422,120,7.6
422,130,10
422,150,14.6
422,160,16.7
422,170,18.7
422,180,20.5
422,190,22.2
422,200,23.7
422,220,26.3
422,230,27.4
422,240,28.4
422,250,29.3
422,260,30.1
422,280,31.5
422,290,32
127,0,0
127,80,0
127,90,0.1
127,100,0.1
127,110,0.2
127,130,0.2
127,140,0.3
127,190,0.3
127,200,0.4
425,0,0
425,60,0
425,70,0.2
425,80,3
425,90,9.3
425,100,20.2
425,110,34.9
425,120,50.1
425,130,65.9
425,140,81.4
425,150,96.1
425,160,110.2
425,170,123.3
425,180,135.2
425,190,146.2
425,200,156.1
425,210,165.2
425,220,173.4
425,230,180.8
425,240,187.4
425,250,193.4
425,260,198.7
425,270,203.4
425,280,207.8
425,290,211.4
424,0,0
424,60,0
424,70,0.1
424,80,1
424,90,3
424,100,6.5
424,110,11.2
424,120,16
424,130,21.1
424,140,26
424,150,30.8
424,160,35.3
424,170,39.5
424,180,43.3
424,190,46.8
424,200,50
424,210,52.9
424,220,55.5
424,230,57.9
424,240,60
424,250,61.9
424,260,63.6
424,270,65.1
424,280,66.5
424,290,67.6
423,0,0
423,60,0
423,70,0.1
423,80,1.7
423,90,5.3
423,100,11.5
423,110,19.9
423,120,28.6
423,130,37.6
423,140,46.4
423,150,54.8
423,160,62.8
423,170,70.3
423,180,77.1
423,190,83.3
423,200,89
423,210,94.2
423,220,98.8
423,230,103.1
423,240,106.8
423,250,110.2
423,260,113.3
423,270,115.9
423,280,118.4
423,290,120.5
388,0,0
388,60,0
388,70,0.3
388,80,1.3
388,90,3.1
388,100,5.5
388,110,8.2
388,130,13.8
388,140,16.5
388,150,19
388,160,21.3
388,170,23.4
388,180,25.3
388,190,27
388,200,28.6
388,210,30
388,220,31.3
388,240,33.5
388,250,34.4
388,270,36
388,290,37.2
148,0,0
148,60,0
148,70,0.1
148,80,0.1
148,90,0.2
148,100,0.2
148,110,0.3
148,130,0.3
148,140,0.4
148,180,0.4
148,190,0.5
389,0,0
389,60,0
389,70,0.4
389,80,1.6
389,90,3.9
389,100,6.9
389,110,10.3
389,120,13.8
389,140,20.6
389,150,23.8
389,160,26.6
389,170,29.2
389,180,31.6
389,190,33.8
389,200,35.8
389,210,37.5
389,220,39.1
389,230,40.6
389,250,43
389,270,45
389,280,45.8
389,290,46.5
387,0,0
387,60,0
387,70,0.4
387,80,1.4
387,90,3.5
387,100,6.2
387,110,9.2
387,120,12.4
387,140,18.6
387,150,21.4
387,160,24
387,170,26.3
387,180,28.5
387,190,30.4
387,200,32.2
387,210,33.8
387,220,35.2
387,230,36.5
387,250,38.7
387,260,39.6
387,270,40.5
387,290,41.9
116,0,0
116,60,0
116,70,0.4
116,80,1.5
116,90,3.6
116,100,6.1
116,110,8.9
116,130,14.7
116,140,17.3
116,150,19.8
116,160,22
116,170,24.1
116,180,25.9
116,190,27.5
116,200,28.9
116,210,30.2
116,220,31.3
116,230,32.3
116,250,33.9
116,260,34.6
116,270,35.2
116,290,36.2
390,0,0
390,60,0
390,70,1
390,80,3.8
390,90,9.2
390,100,16.2
390,110,24.2
390,120,32.4
390,130,40.5
390,140,48.5
390,150,55.8
390,160,62.5
390,170,68.7
390,180,74.3
390,190,79.4
390,200,84.1
390,210,88.2
390,220,92
390,230,95.3
390,240,98.3
390,250,101.1
390,260,103.4
390,270,105.6
390,280,107.6
390,290,109.4
115,0,0
115,60,0
115,70,0.8
115,80,2.9
115,90,6.9
115,100,11.7
115,110,17.1
115,120,22.6
115,130,28.2
115,140,33.3
115,150,38
115,160,42.4
115,170,46.3
115,180,49.8
115,190,52.9
115,200,55.6
115,210,58
115,220,60.2
115,230,62
115,240,63.7
115,250,65.2
115,260,66.5
115,270,67.7
115,290,69.5
117,0,0
117,50,0
117,60,0.1
117,70,3.1
117,80,11.5
117,90,27.5
117,100,46.7
117,110,68.5
117,120,90.6
117,130,112.8
117,140,133.3
117,150,152.1
117,160,169.4
117,170,185.1
117,180,199.1
117,190,211.6
117,200,222.5
117,210,232.2
117,220,240.7
117,230,248.2
117,240,254.8
117,250,260.7
117,260,266
117,270,270.6
117,280,274.5
117,290,278.1
130,0,0
130,50,0
130,60,0.2
130,70,0.7
130,80,2.2
130,90,3.9
130,100,5.7
130,110,7.4
130,120,9
130,130,10.4
130,140,11.7
130,150,12.8
130,160,13.8
130,180,15.4
130,190,16
130,200,16.4
130,210,16.7
130,220,16.9
130,230,17.2
130,250,17.6
130,290,18
333,0,0
333,50,0
333,60,0.3
333,70,1.4
333,80,4.8
333,90,9.3
333,100,14.9
333,110,20.1
333,120,25
333,130,29.4
333,140,33.2
333,150,36.3
333,160,39
333,170,41.3
333,180,43.2
333,190,44.6
333,200,45.5
333,210,46.3
333,220,47
333,230,47.6
333,240,48.1
333,250,48.5
333,270,49.1
333,290,49.5
343,0,0
343,50,0
343,60,0.3
343,70,2.3
343,80,6.7
343,90,13.2
343,100,20.2
343,110,27.4
343,120,34.2
343,130,40.8
343,140,46.7
343,150,52.2
343,160,57.1
343,170,61.5
343,180,65.4
343,190,69
343,200,72.1
343,210,74.9
343,220,77.3
343,230,79.5
343,240,81.5
343,250,83.1
343,260,84.6
343,270,86
343,280,87.1
343,290,88.1
128,0,0
128,50,0
128,60,0.3
128,70,1.5
128,80,4.7
128,90,8.1
128,100,11.8
128,110,15.3
128,120,18.7
128,130,21.7
128,140,24.3
128,150,26.6
128,160,28.6
128,170,30.4
128,180,32
128,190,33.2
128,200,34
128,210,34.7
128,230,35.7
128,250,36.5
128,270,37.1
128,290,37.5
342,0,0
342,50,0
342,60,0.6
342,70,4.2
342,80,12
342,90,23.5
342,100,36
342,110,48.7
342,120,60.9
342,130,72.6
342,140,83.2
342,150,93
342,160,101.7
342,170,109.6
342,180,116.6
342,190,122.9
342,200,128.4
342,210,133.4
342,220,137.8
342,230,141.6
342,240,145.1
342,250,148.1
342,260,150.7
342,270,153.2
342,280,155.2
342,290,157
344,0,0
344,50,0
344,60,1
344,70,7.3
344,80,21
344,90,41.3
344,100,63.2
344,110,85.5
344,120,106.9
344,130,127.4
344,140,146
344,150,163.1
344,160,178.4
344,170,192.2
344,180,204.5
344,190,215.6
344,200,225.3
344,210,234
344,220,241.7
344,230,248.5
344,240,254.6
344,250,259.8
344,260,264.4
344,270,268.7
344,280,272.2
344,290,275.4
334,0,0
334,50,0
334,60,0.9
334,70,3.7
334,80,13
334,90,25.2
334,100,40.3
334,110,54.3
334,120,67.7
334,130,79.4
334,140,89.6
334,150,98.2
334,160,105.4
334,170,111.5
334,180,116.7
334,190,120.5
334,200,123.1
334,210,125.2
334,220,127.1
334,230,128.6
334,240,129.9
334,250,131
334,260,131.9
334,270,132.7
334,290,133.9
50,0,0
50,50,0
50,60,0.5
50,70,5.1
50,80,15.9
50,90,34
50,100,54
50,110,75.2
50,120,96
50,130,116.5
50,140,135.3
50,150,152.2
50,160,167.8
50,170,181.8
50,180,194.5
50,190,205.8
50,200,216.1
50,210,224.9
50,220,232.9
50,230,240.3
50,240,246.6
50,250,252.4
50,260,257.4
50,270,262.1
50,280,266.3
50,290,270.1
49,0,0
49,50,0
49,60,0.2
49,70,2.5
49,80,7.7
49,90,16.5
49,100,26.2
49,110,36.5
49,130,56.5
49,140,65.6
49,150,73.8
49,160,81.4
49,170,88.1
49,180,94.3
49,190,99.8
49,200,104.8
49,210,109
49,220,112.9
49,230,116.5
49,240,119.6
49,250,122.4
49,260,124.8
49,270,127.1
49,280,129.1
49,290,131
268,0,0
268,50,0
268,60,0.1
268,70,0.5
268,80,1.2
268,110,3.6
268,130,5
268,140,5.5
268,150,6.1
268,160,6.5
268,170,7
268,200,7.9
268,220,8.3
268,230,8.4
268,240,8.6
268,250,8.7
268,260,8.9
268,290,9.2
341,0,0
341,50,0
341,60,0.1
341,70,0.9
341,80,2.5
341,90,4.9
341,100,7.5
341,110,10.2
341,120,12.7
341,130,15.1
341,140,17.3
341,150,19.4
341,160,21.2
341,170,22.8
341,180,24.3
341,190,25.6
341,200,26.8
341,210,27.8
341,220,28.7
341,230,29.5
341,250,30.9
341,270,31.9
341,290,32.7
48,0,0
48,50,0
48,60,0.1
48,70,0.8
48,80,2.4
48,90,5.2
48,100,8.2
48,110,11.4
48,120,14.5
48,130,17.7
48,140,20.5
48,150,23.1
48,160,25.4
48,170,27.5
48,180,29.5
48,190,31.2
48,200,32.7
48,210,34.1
48,220,35.3
48,230,36.4
48,240,37.4
48,260,39
48,270,39.7
48,290,40.9
391,0,0
391,50,0
391,60,0.1
391,70,2.1
391,80,8.1
391,90,19.7
391,100,34.8
391,110,51.9
391,120,69.7
391,130,87.1
391,140,104.2
391,150,120
391,160,134.4
391,170,147.6
391,180,159.7
391,190,170.7
391,200,180.7
391,210,189.6
391,220,197.6
391,230,204.8
391,240,211.2
391,250,217.2
391,260,222.3
391,270,227
391,280,231.2
391,290,235
47,0,0
47,50,0
47,60,0.1
47,70,0.9
47,80,2.9
47,90,6.2
47,100,9.8
47,110,13.7
47,120,17.5
47,130,21.2
47,140,24.6
47,150,27.7
47,160,30.5
47,170,33.1
47,180,35.4
47,190,37.4
47,200,39.3
47,210,40.9
47,230,43.7
47,250,45.9
47,270,47.7
47,290,49.1
244,0,0
244,100,0
244,101,1
244,200,1
244,201,0
196,0,0
196,110,0
196,111,1
196,200,1
196,201,0
176,0,0
176,130,0
176,131,1
176,200,1
176,201,0
85,0,0
85,120,0
85,121,1
85,200,1
85,201,0
315,0,0
315,90,0
315,91,1
315,200,1
315,201,0
23,0,0
23,90,0
23,91,1
23,200,1
23,201,0
360,0,0
360,40,0
360,50,0.1
360,60,0.4
360,70,1.2
360,100,4.2
360,110,5.1
360,120,5.9
360,140,7.3
360,170,8.8
360,180,9.2
360,200,9.8
360,210,10
360,220,10.1
360,230,10.3
360,290,10.9
363,0,0
363,40,0
363,50,0.1
363,60,0.6
363,70,1.8
363,80,3.2
363,90,4.7
363,100,6.1
363,120,8.7
363,140,10.7
363,160,12.3
363,180,13.5
363,200,14.3
363,220,14.9
363,260,15.7
363,290,16
301,0,0
301,40,0
301,50,0.1
301,60,0.5
301,70,1.2
301,80,2.1
301,90,2.9
301,100,3.8
301,110,4.5
301,120,5.3
301,130,5.9
301,150,6.9
301,170,7.7
301,180,8
301,220,8.8
301,280,9.4
269,0,0
269,40,0
269,50,0.1
269,60,1.3
269,70,5.4
269,80,12
269,90,19.8
269,100,27.7
269,110,35.3
269,120,42.6
269,130,49
269,140,54.7
269,150,60
269,160,64.7
269,170,68.8
269,180,72.1
269,190,75
269,200,77.6
269,210,79.8
269,220,81.7
269,230,83.4
269,250,86.4
269,260,87.6
269,270,88.7
269,280,89.7
269,290,90.6
92,0,0
92,40,0
92,50,0.1
92,60,0.1
92,100,0.5
92,110,0.5
92,120,0.6
92,130,0.6
92,140,0.7
92,180,0.7
92,190,0.8
131,0,0
131,40,0
131,50,0.1
131,60,1.2
131,70,5.1
131,80,16
131,90,27.8
131,100,40.6
131,110,52.7
131,120,64.3
131,130,74.6
131,140,83.6
131,150,91.3
131,160,98.4
131,170,104.5
131,180,109.8
131,190,114.1
131,200,116.8
131,210,119.1
131,220,121
131,230,122.7
131,240,124.2
131,250,125.4
131,260,126.5
131,270,127.4
131,280,128.2
131,290,128.9
129,0,0
129,40,0
129,50,0.1
129,60,1
129,70,4.4
129,80,13.8
129,90,23.9
129,100,34.9
129,110,45.3
129,120,55.3
129,130,64.2
129,140,71.9
129,150,78.5
129,160,84.6
129,170,89.9
129,180,94.4
129,190,98.1
129,200,100.4
129,210,102.4
129,220,104.1
129,230,105.5
129,240,106.8
129,260,108.8
129,270,109.6
129,280,110.3
129,290,110.9
68,0,0
68,40,0
68,50,0.1
68,60,0.4
68,70,1.2
68,80,2.1
68,90,3.1
68,110,4.9
68,120,5.7
68,130,6.4
68,140,7
68,160,8
68,180,8.8
68,190,9.1
68,260,9.8
68,270,9.8
68,280,9.9
303,0,0
303,40,0
303,50,0.2
303,60,1.2
303,70,3
303,90,7.4
303,100,9.5
303,110,11.4
303,120,13.1
303,130,14.7
303,140,16.1
303,150,17.3
303,160,18.4
303,170,19.3
303,180,20
303,190,20.6
303,200,21.1
303,230,22.3
303,240,22.5
303,250,22.8
303,260,23
303,270,23.3
303,280,23.4
303,290,23.6
270,0,0
270,40,0
270,50,0.2
270,60,2
270,70,8
270,80,17.9
270,90,29.5
270,100,41.3
270,110,52.6
270,120,63.4
270,130,73
270,140,81.5
270,150,89.3
270,160,96.3
270,170,102.4
270,180,107.4
270,190,111.7
270,200,115.5
270,210,118.8
270,220,121.7
270,230,124.2
270,240,126.5
270,250,128.6
270,260,130.5
270,270,132.1
270,280,133.6
270,290,134.9
304,0,0
304,40,0
304,50,0.3
304,60,2.2
304,70,5.5
304,80,9.4
304,90,13.4
304,100,17.3
304,110,20.7
304,120,24
304,130,26.8
304,140,29.3
304,150,31.5
304,160,33.5
304,170,35.2
304,180,36.5
304,190,37.6
304,200,38.5
304,210,39.3
304,220,40
304,230,40.6
304,250,41.6
304,270,42.4
304,280,42.7
304,290,43.1
285,0,0
285,40,0
285,50,0.3
285,60,1.4
285,70,3.6
285,80,6.1
285,90,8.7
285,100,11.1
285,110,13.3
285,120,15.3
285,130,17
285,140,18.5
285,150,19.8
285,160,21
285,170,22
285,180,22.8
285,190,23.6
285,210,24.8
285,220,25.3
285,230,25.7
285,250,26.3
285,280,26.9
285,290,27
374,0,0
374,40,0
374,50,0.7
374,60,4.2
374,70,11.5
374,90,28.9
374,100,36.6
374,110,43.3
374,120,48.8
374,130,53.3
374,140,57
374,150,59.8
374,160,62.2
374,170,64.1
374,180,65.5
374,190,66.3
374,210,67.5
374,220,68
374,250,68.9
374,270,69.3
374,280,69.6
374,290,69.7
232,0,0
232,40,0
232,50,0.6
232,60,2.5
232,70,6.3
232,80,10.8
232,90,15.4
232,100,19.7
232,110,23.5
232,120,26.8
232,130,29.8
232,140,32.3
232,150,34.6
232,160,36.5
232,170,38.2
232,180,39.7
232,190,40.8
232,200,41.8
232,210,42.7
232,230,44.3
232,260,46.1
232,270,46.6
232,290,47.4
161,0,0
161,40,0
161,50,0.6
161,60,2.7
161,70,7
161,90,20.2
161,100,26.6
161,110,32.5
161,120,37.7
161,130,42.3
161,140,46.3
161,150,49.9
161,160,52.9
161,170,55.6
161,180,57.6
161,190,59.4
161,200,60.9
161,210,62.3
161,220,63.5
161,240,65.7
161,260,67.5
161,280,68.9
161,290,69.5
218,0,0
218,40,0
218,50,0.3
218,60,1.3
218,70,2.5
218,80,3.9
218,90,5.2
218,100,6.4
218,110,7.5
218,120,8.5
218,130,9.4
218,140,10.2
218,160,11.4
218,180,12.2
218,200,12.8
218,230,13.4
218,280,13.9
149,0,0
149,40,0
149,50,0.3
149,60,2.3
149,70,6.3
149,80,11.1
149,90,16
149,100,20.7
149,110,24.9
149,120,28.8
149,130,32.2
149,140,35
149,150,37.6
149,160,39.8
149,170,41.6
149,180,43
149,190,44.1
149,210,45.9
149,230,47.1
149,240,47.6
149,260,48.4
149,270,48.7
149,290,49.1
10,0,0
10,40,0
10,50,0.3
10,60,2.4
10,70,7.8
10,80,16.2
10,90,24.7
10,100,32.7
10,110,39.7
10,120,45.7
10,130,50.8
10,140,54.9
10,150,58.3
10,160,60.9
10,170,63.2
10,180,64.8
10,190,65.9
10,200,66.9
10,210,67.7
10,220,68.4
10,240,69.4
10,250,69.8
10,270,70.4
10,290,70.8
9,0,0
9,40,0
9,50,0.2
9,60,1.1
9,70,3.6
9,80,7.5
9,90,11.3
9,100,15
9,110,18.2
9,120,21
9,130,23.3
9,140,25.2
9,150,26.8
9,160,28
9,170,29
9,180,29.8
9,190,30.3
9,210,31.1
9,230,31.7
9,250,32.1
9,260,32.2
9,270,32.4
9,280,32.5
288,0,0
288,40,0
288,50,0.9
288,60,4.6
288,70,11.7
288,80,19.9
288,90,28.3
288,100,36.2
288,110,43.3
288,120,49.7
288,130,55.3
288,140,60.1
288,150,64.4
288,160,68.1
288,170,71.3
288,180,74.2
288,190,76.6
288,200,78.7
288,210,80.6
288,220,82.1
288,230,83.4
288,240,84.5
288,250,85.4
288,260,86.2
288,270,86.9
288,280,87.4
288,290,87.7
286,0,0
286,40,0
286,50,1
286,60,4.9
286,70,12.6
286,80,21.4
286,90,30.5
286,100,39
286,110,46.7
286,120,53.5
286,130,59.5
286,140,64.8
286,150,69.4
286,160,73.4
286,170,76.8
286,180,79.9
286,190,82.5
286,200,84.8
286,210,86.8
286,220,88.4
286,230,89.8
286,240,91
286,250,92
286,270,93.6
286,280,94.1
286,290,94.5
373,0,0
373,40,0
373,50,2.3
373,60,13.2
373,70,36
373,80,63.1
373,90,90.3
373,100,114.4
373,110,135.3
373,120,152.6
373,130,166.6
373,140,178
373,150,187
373,160,194.3
373,170,200.3
373,180,204.7
373,190,207.2
373,200,209.2
373,210,210.9
373,220,212.4
373,230,213.5
373,240,214.5
373,250,215.3
373,280,217.4
373,290,217.9
258,0,0
258,40,0
258,50,1.2
258,60,6.5
258,70,16.2
258,80,26.9
258,90,37.7
258,100,47.9
258,110,57.2
258,120,65.5
258,130,72.8
258,140,79.3
258,150,84.9
258,160,89.9
258,170,94.1
258,180,98
258,190,101.3
258,200,104.3
258,210,106.7
258,220,108.9
258,230,110.8
258,240,112.4
258,250,113.9
258,260,115.1
258,270,116.1
258,280,116.9
258,290,117.5
150,0,0
150,40,0
150,50,1.1
150,60,7.9
150,70,21.5
150,80,38.3
150,90,55
150,100,71.1
150,110,85.4
150,120,98.9
150,130,110.5
150,140,120.3
150,150,129.1
150,160,136.7
150,170,143.1
150,180,147.8
150,190,151.6
150,200,154.8
150,210,157.6
150,220,159.9
150,230,161.9
150,240,163.5
150,250,165
150,260,166.2
150,270,167.3
150,280,168.2
150,290,168.9
8,0,0
8,40,0
8,50,0.9
8,60,6.5
8,70,21.2
8,80,43.9
8,90,66.7
8,100,88.3
8,110,107.2
8,120,123.6
8,130,137.2
8,140,148.5
8,150,157.5
8,160,164.7
8,170,170.8
8,180,175.1
8,190,178.2
8,200,180.8
8,210,183
8,220,184.8
8,230,186.3
8,240,187.6
8,250,188.6
8,260,189.5
8,270,190.3
8,280,190.9
8,290,191.4
339,0,0
339,180,0
339,181,1
339,200,1
339,201,0
266,0,0
266,170,0
266,171,1
266,200,1
266,201,0
124,0,0
124,160,0
124,161,1
124,200,1
124,201,0
147,0,0
147,150,0
147,151,1
147,200,1
147,201,0
64,0,0
64,150,0
64,151,1
64,200,1
64,201,0
43,0,0
43,190,0
43,191,1
43,200,1
43,201,0
421,0,0
421,221,0
421,222,1
420,0,0
420,220,0
420,221,1
420,222,0
382,0,0
382,201,0
382,202,1
24,0,0
24,200,0
24,201,1
381,0,0
381,200,0
381,201,1
381,202,0
3,0,0
3,200,0
3,201,1
217,0,0
217,140,0
217,141,1
217,200,1
217,201,0
2,0,0
2,140,0
2,141,1
2,200,1
2,201,0
243,0,0
243,25,0
243,26,1
243,100,1
243,101,0
195,0,0
195,25,0
195,26,1
195,110,1
195,111,0
216,0,0
216,25,0
216,26,1
216,140,1
216,141,0
175,0,0
175,25,0
175,26,1
175,130,1
175,131,0
84,0,0
84,25,0
84,26,1
84,120,1
84,121,0
123,0,0
123,25,0
123,26,1
123,160,1
123,161,0
63,0,0
63,25,0
63,26,1
63,150,1
63,151,0
419,0,0
419,25,0
419,26,1
419,220,1
419,221,0
380,0,0
380,25,0
380,26,1
380,200,1
380,201,0
42,0,0
42,25,0
42,26,1
42,190,1
42,191,0
22,0,0
22,25,0
22,26,1
22,90,1
22,91,0
314,0,0
314,25,0
314,26,1
314,90,1
314,91,0
338,0,0
338,25,0
338,26,1
338,180,1
338,181,0
265,0,0
265,25,0
265,26,1
265,170,1
265,171,0
146,0,0
146,25,0
146,26,1
146,150,1
146,151,0
1,0,0
1,25,0
1,26,1
1,140,1
1,141,0
252,79,0
254,79,0
254,80,0.24
253,79,0
253,80,1
249,79,0
249,80,1
249,100,1
249,101,0
248,79,0
248,80,46
248,90,54.6
248,100,61.1
248,110,66.3
248,120,70.2
248,130,72.9
248,140,75
248,150,76.8
248,160,77.9
248,180,78.9
248,190,79.2
248,200,79.6
248,210,79.7
248,220,79.6
248,240,79.6
248,250,79.5
379,79,0
379,80,225.2
379,90,265.7
379,100,298.9
379,110,326.1
379,120,348.7
379,130,368.1
379,140,384.6
379,150,398.8
379,160,410.5
379,170,420.2
379,180,428.8
379,190,436.1
379,200,442.1
379,210,447.1
379,220,450.9
379,230,454.4
379,240,456.8
379,250,458.4
379,270,461.2
379,280,461.6
379,290,462.1
251,79,0
251,200,0
251,201,1
250,79,0
250,100,0
250,101,1
250,200,1
250,201,0
247,79,0
247,80,191.8
247,90,227.3
247,100,254.7
247,110,276.3
247,120,292.3
247,130,303.9
247,140,312.7
247,150,319.8
247,160,324.5
247,170,326.8
247,180,328.7
247,190,330.2
247,200,331.5
247,210,331.9
247,220,331.7
247,260,331.3
247,270,331.3
247,280,331.2
211,89,0
214,89,0
214,90,0.4
213,89,0
213,90,0.33
212,89,0
212,90,0.27
215,89,0
215,90,1
208,89,0
208,90,1
208,110,1
208,111,0
210,89,0
210,200,0
210,201,1
209,89,0
209,110,0
209,111,1
209,200,1
209,201,0
207,89,0
207,90,176.6
207,100,206
207,110,231
207,120,251.6
207,130,269.1
207,140,283.9
207,150,296.6
207,160,307.9
207,170,317.5
207,180,325.9
207,190,333.3
207,200,339
207,210,344.2
207,220,348.6
207,230,352.6
207,240,355.9
207,250,358.4
207,260,360.8
207,270,362.7
207,280,363.8
207,290,364.8
206,89,0
206,90,70.6
206,100,82.4
206,110,92.4
206,120,100.6
206,130,107.6
206,140,113.6
206,150,118.6
206,160,123.2
206,170,127
206,180,130.4
206,190,133.3
206,200,135.6
206,210,137.7
206,220,139.4
206,230,141
206,240,142.4
206,250,143.4
206,260,144.3
206,270,145.1
206,290,145.9
205,89,0
205,90,58.3
205,100,68
205,110,76.2
205,120,83
205,130,88.8
205,140,93.7
205,150,97.9
205,160,101.6
205,170,104.8
205,180,107.5
205,190,110
205,200,111.9
205,210,113.6
205,230,116.4
205,240,117.4
205,250,118.3
205,260,119.1
205,270,119.7
205,280,120.1
205,290,120.4
204,89,0
204,90,47.7
204,100,55.6
204,110,62.4
204,120,67.9
204,130,72.7
204,140,76.7
204,150,80.1
204,160,83.1
204,170,85.7
204,180,88
204,190,90
204,200,91.5
204,210,92.9
204,220,94.1
204,230,95.2
204,240,96.1
204,250,96.8
204,260,97.4
204,270,97.9
204,290,98.5
190,109,0
418,109,0
418,110,0.26
417,109,0
417,110,0.15
377,109,0
377,110,0.32
193,109,0
193,110,0.43
192,109,0
192,110,0.6715
191,109,0
191,110,0.068
194,109,0
194,110,1
187,109,0
187,110,1
187,130,1
187,131,0
415,109,0
415,110,30.6
415,120,34
415,130,36.9
415,140,39.4
415,150,41.4
415,160,43.1
415,170,44.6
415,180,45.7
415,190,46.5
415,200,47.2
415,210,47.8
415,230,48.8
415,240,49.1
415,250,49.5
415,270,50.1
415,280,50.3
415,290,50.6
414,109,0
414,110,17.6
414,120,19.6
414,130,21.3
414,140,22.7
414,150,23.9
414,160,24.9
414,170,25.7
414,180,26.3
414,190,26.8
414,210,27.6
414,220,27.9
414,270,28.9
414,280,29
414,290,29.2
376,109,0
376,110,43.3
376,120,48.8
376,130,53.3
376,140,57
376,150,59.8
376,160,62.2
376,170,64.1
376,180,65.5
376,190,66.3
376,210,67.5
376,220,68
376,250,68.9
376,270,69.3
376,280,69.6
376,290,69.7
185,109,0
185,110,50.5
185,120,56.2
185,130,61.1
185,140,65.3
185,150,68.7
185,160,71.6
185,170,74
185,180,76
185,190,77.2
185,210,79
185,220,79.8
185,240,81
185,250,81.5
185,270,82.3
185,290,82.9
413,109,0
413,110,78.9
413,120,87.7
413,130,95.2
413,140,101.7
413,150,107
413,160,111.4
413,170,115.2
413,180,117.9
413,190,120
413,200,121.8
413,210,123.4
413,220,124.8
413,230,125.9
413,240,126.9
413,260,128.7
413,270,129.4
413,290,130.6
416,109,0
416,110,117.5
416,120,130.6
416,130,141.8
416,140,151.4
416,150,159.3
416,160,165.9
416,170,171.6
416,180,175.6
416,190,178.7
416,200,181.4
416,210,183.8
416,220,185.8
416,230,187.5
416,240,189
416,260,191.6
416,270,192.7
416,290,194.5
375,109,0
375,110,135.3
375,120,152.6
375,130,166.6
375,140,178
375,150,187
375,160,194.3
375,170,200.3
375,180,204.7
375,190,207.2
375,200,209.2
375,210,210.9
375,220,212.4
375,230,213.5
375,240,214.5
375,250,215.3
375,280,217.4
375,290,217.9
189,109,0
189,200,0
189,201,1
188,109,0
188,130,0
188,131,1
188,200,1
188,201,0
186,109,0
186,110,117.4
186,120,130.6
186,130,142
186,140,151.8
186,150,159.8
186,160,166.5
186,170,172.2
186,180,176.8
186,190,179.5
186,200,181.7
186,210,183.8
186,220,185.5
186,230,187
186,240,188.3
186,250,189.5
186,260,190.5
186,270,191.4
186,280,192.2
186,290,192.8
184,109,0
184,110,78.8
184,120,87.7
184,130,95.4
184,140,101.9
184,150,107.3
184,160,111.8
184,170,115.6
184,180,118.7
184,190,120.5
184,200,122
184,210,123.4
184,220,124.6
184,230,125.6
184,250,127.2
184,260,127.9
184,280,129.1
184,290,129.5
412,109,0
412,110,8
412,120,8.9
412,140,10.3
412,160,11.3
412,170,11.7
412,180,11.9
412,190,12.2
412,200,12.3
412,210,12.5
412,220,12.6
412,230,12.8
412,240,12.9
412,250,12.9
412,280,13.2
183,109,0
183,110,8
183,120,8.9
183,130,9.7
183,150,10.9
183,170,11.7
183,180,12
183,200,12.4
183,260,13
183,270,13
183,280,13.1
106,99,0
108,99,0
108,100,0.003
174,99,0
174,100,0.16
111,99,0
111,100,0.14
173,99,0
173,100,0.369
109,99,0
109,100,0.291
107,99,0
107,100,0.12
110,99,0
110,100,0.74
112,99,0
112,100,1
103,99,0
103,100,1
103,120,1
103,121,0
98,99,0
98,100,0.5
98,110,0.5
98,120,0.6
98,130,0.6
98,140,0.7
98,180,0.7
98,190,0.8
171,99,0
171,100,26.6
171,110,30
171,120,32.8
171,130,35.3
171,140,37.3
171,150,39.1
171,160,40.6
171,170,41.9
171,180,43
171,190,44
171,200,44.9
171,210,45.7
171,220,46.4
171,230,47
171,250,48
171,280,49.2
171,290,49.5
101,99,0
101,100,21.7
101,110,24.6
101,120,27
101,130,29
101,140,30.7
101,150,32
101,160,33.1
101,170,33.9
101,180,34.5
101,200,35.5
101,220,35.9
101,270,36.4
101,280,36.4
101,290,36.5
241,99,0
241,100,66.3
241,110,74.3
241,120,81.2
241,130,86.9
241,140,91.8
241,150,96
241,160,99.7
241,170,102.8
241,180,105.5
241,190,107.6
241,200,109.4
241,210,111.1
241,220,112.7
241,230,114.1
241,240,115.3
241,260,117.5
241,280,119.3
241,290,120.1
170,99,0
170,100,61.4
170,110,69.1
170,120,75.7
170,130,81.3
170,140,86.1
170,150,90.1
170,160,93.6
170,170,96.6
170,180,99.1
170,190,101.4
170,200,103.5
170,210,105.3
170,220,106.9
170,230,108.3
170,240,109.6
170,250,110.7
170,260,111.7
170,280,113.5
170,290,114.2
242,99,0
242,100,179.7
242,110,201.4
242,120,220
242,130,235.4
242,140,248.8
242,150,260.1
242,160,270.1
242,170,278.7
242,180,286
242,190,291.5
242,200,296.5
242,210,301
242,220,305.3
242,230,309.1
242,240,312.5
242,250,315.5
242,260,318.3
242,270,320.9
242,280,323.3
242,290,325.4
172,99,0
172,100,166.5
172,110,187.3
172,120,205.2
172,130,220.4
172,140,233.2
172,150,244.3
172,160,253.6
172,170,261.7
172,180,268.6
172,190,274.9
172,200,280.6
172,210,285.5
172,220,289.7
172,230,293.5
172,240,296.9
172,250,300
172,260,302.7
172,270,305.2
172,280,307.5
172,290,309.5
105,99,0
105,200,0
105,201,1
104,99,0
104,120,0
104,121,1
104,200,1
104,201,0
102,99,0
102,100,154.8
102,110,175.4
102,120,192.9
102,130,207.3
102,140,219.1
102,150,228.7
102,160,236.4
102,170,241.9
102,180,246.4
102,190,250.2
102,200,253.4
102,210,255.3
102,220,256.4
102,230,257.3
102,250,258.7
102,270,259.7
102,280,260
102,290,260.4
100,99,0
100,100,114.6
100,110,129.8
100,120,142.7
100,130,153.4
100,140,162.1
100,150,169.2
100,160,174.9
100,170,179
100,180,182.3
100,190,185.1
100,200,187.5
100,210,188.9
100,220,189.7
100,230,190.4
100,250,191.4
100,270,192.2
100,280,192.4
100,290,192.7
99,99,0
99,100,45
99,110,51
99,120,56.1
99,130,60.3
99,140,63.8
99,150,66.6
99,160,68.8
99,170,70.4
99,180,71.7
99,190,72.8
99,200,73.7
99,210,74.3
99,230,74.9
99,250,75.3
99,260,75.4
99,270,75.6
99,290,75.8
97,99,0
97,100,18.6
97,110,21
97,120,23.1
97,130,24.9
97,140,26.3
97,150,27.4
97,160,28.4
97,180,29.6
97,200,30.4
97,220,30.8
97,240,31
97,250,31
97,270,31.2
38,69,0
330,69,0
330,70,0.17
328,69,0
328,70,0.369
40,69,0
40,70,0.3
329,69,0
329,70,0.83
331,69,0
331,70,1
325,69,0
325,70,1
325,90,1
325,91,0
39,69,0
39,70,0.369
323,69,0
323,70,33.2
323,80,40.4
323,90,46.4
323,100,51.2
323,110,55.4
323,120,58.8
323,130,61.7
323,140,64.2
323,150,66.5
323,160,68.4
323,190,72
323,200,73.1
323,210,74.1
323,220,75
323,240,76.6
323,250,77.3
323,270,78.5
323,290,79.5
41,69,0
41,70,1
35,69,0
35,70,1
35,90,1
35,91,0
321,69,0
321,70,72.1
321,80,87.7
321,90,100.7
321,100,111.2
321,110,120.1
321,120,127.6
321,130,134
321,140,139.4
321,150,144.2
321,160,148.4
321,180,153.8
321,200,158.6
321,210,160.8
321,220,162.8
321,230,164.6
321,240,166.2
321,260,169.2
321,270,170.4
321,290,172.6
33,69,0
33,70,60.1
33,80,73.2
33,90,84.1
33,100,92.8
33,110,100.3
33,120,106.5
33,130,111.8
33,140,116.4
33,150,120.4
33,160,123.9
33,180,128.3
33,190,130.4
33,200,132.4
33,210,134.2
33,220,135.9
33,230,137.4
33,240,138.8
33,260,141.2
33,270,142.3
33,290,144.1
324,69,0
324,70,195.3
324,80,237.7
324,90,273
324,100,301.4
324,110,325.6
324,120,345.9
324,130,363.1
324,140,377.8
324,150,390.9
324,160,402.2
324,170,409.6
324,180,416.7
324,190,423.4
324,200,429.8
324,210,435.7
324,220,441.1
324,230,446
324,240,450.4
324,250,454.6
324,260,458.5
324,270,461.8
324,280,464.9
324,290,467.7
322,69,0
322,70,162.1
322,80,197.3
322,90,226.6
322,100,250.2
322,110,270.2
322,120,287.1
322,130,301.4
322,140,313.6
322,150,324.4
322,160,333.8
322,170,340
322,180,345.9
322,190,351.4
322,200,356.7
322,210,361.6
322,220,366.1
322,230,370.2
322,240,373.8
322,250,377.3
322,260,380.6
322,270,383.3
322,280,385.9
322,290,388.2
327,69,0
327,200,0
327,201,1
37,69,0
37,200,0
37,201,1
326,69,0
326,90,0
326,91,1
326,200,1
326,201,0
36,69,0
36,90,0
36,91,1
36,200,1
36,201,0
34,69,0
34,70,200.5
34,80,244.1
34,90,280.3
34,100,309.4
34,110,334.3
34,120,355.1
34,130,372.8
34,140,387.9
34,150,401.3
34,160,412.9
34,170,420.5
34,180,427.8
34,190,434.7
34,200,441.3
34,210,447.3
34,220,452.9
34,230,457.9
34,240,462.5
34,250,466.7
34,260,470.8
34,270,474.2
34,280,477.3
34,290,480.2
32,69,0
32,70,74
32,80,90.1
32,90,103.4
32,100,114.2
32,110,123.4
32,120,131
32,130,137.6
32,140,143.1
32,150,148.1
32,160,152.4
32,170,155.2
32,180,157.9
32,190,160.4
32,200,162.8
32,210,165.1
32,220,167.1
32,230,169
32,240,170.7
32,260,173.7
32,270,175
32,290,177.2
21,0,1
25,0,1
25,5,1
25,6,0
352,159,0
355,159,0
355,160,0.32
354,159,0
354,160,0.57
353,159,0
353,160,0.11881
356,159,0
356,160,1
349,159,0
349,160,1
349,180,1
349,181,0
347,159,0
347,160,57.1
347,170,61.5
347,180,65.4
347,190,69
347,200,72.1
347,210,74.9
347,220,77.3
347,230,79.5
347,240,81.5
347,250,83.1
347,260,84.6
347,270,86
347,280,87.1
347,290,88.1
351,159,0
351,200,0
351,201,1
350,159,0
350,180,0
350,181,1
350,200,1
350,201,0
348,159,0
348,160,178.4
348,170,192.2
348,180,204.5
348,190,215.6
348,200,225.3
348,210,234
348,220,241.7
348,230,248.5
348,240,254.6
348,250,259.8
348,260,264.4
348,270,268.7
348,280,272.2
348,290,275.4
346,159,0
346,160,101.7
346,170,109.6
346,180,116.6
346,190,122.9
346,200,128.4
346,210,133.4
346,220,137.8
346,230,141.6
346,240,145.1
346,250,148.1
346,260,150.7
346,270,153.2
346,280,155.2
346,290,157
345,159,0
345,160,21.2
345,170,22.8
345,180,24.3
345,190,25.6
345,200,26.8
345,210,27.8
345,220,28.7
345,230,29.5
345,250,30.9
345,270,31.9
345,290,32.7
277,149,0
279,149,0
279,150,0.6715
278,149,0
278,150,0.068
280,149,0
280,150,1
274,149,0
274,150,1
274,170,1
274,171,0
276,149,0
276,200,0
276,201,1
275,149,0
275,170,0
275,171,1
275,200,1
275,201,0
273,149,0
273,150,89.3
273,160,96.3
273,170,102.4
273,180,107.4
273,190,111.7
273,200,115.5
273,210,118.8
273,220,121.7
273,230,124.2
273,240,126.5
273,250,128.6
273,260,130.5
273,270,132.1
273,280,133.6
273,290,134.9
272,149,0
272,150,60
272,160,64.7
272,170,68.8
272,180,72.1
272,190,75
272,200,77.6
272,210,79.8
272,220,81.7
272,230,83.4
272,250,86.4
272,260,87.6
272,270,88.7
272,280,89.7
272,290,90.6
271,149,0
271,150,6.1
271,160,6.5
271,170,7
271,200,7.9
271,220,8.3
271,230,8.4
271,240,8.6
271,250,8.7
271,260,8.9
271,290,9.2
140,139,0
144,139,0
144,140,0.14
142,139,0
142,140,0.291
141,139,0
141,140,0.003
337,139,0
337,140,0.37
143,139,0
143,140,0.86
145,139,0
145,140,1
137,139,0
137,140,1
137,160,1
137,161,0
135,139,0
135,140,11.7
135,150,12.8
135,160,13.8
135,180,15.4
135,190,16
135,200,16.4
135,210,16.7
135,220,16.9
135,230,17.2
135,250,17.6
135,290,18
335,139,0
335,140,33.2
335,150,36.3
335,160,39
335,170,41.3
335,180,43.2
335,190,44.6
335,200,45.5
335,210,46.3
335,220,47
335,230,47.6
335,240,48.1
335,250,48.5
335,270,49.1
335,290,49.5
336,139,0
336,140,89.6
336,150,98.2
336,160,105.4
336,170,111.5
336,180,116.7
336,190,120.5
336,200,123.1
336,210,125.2
336,220,127.1
336,230,128.6
336,240,129.9
336,250,131
336,260,131.9
336,270,132.7
336,290,133.9
139,139,0
139,200,0
139,201,1
138,139,0
138,160,0
138,161,1
138,200,1
138,201,0
136,139,0
136,140,83.6
136,150,91.3
136,160,98.4
136,170,104.5
136,180,109.8
136,190,114.1
136,200,116.8
136,210,119.1
136,220,121
136,230,122.7
136,240,124.2
136,250,125.4
136,260,126.5
136,270,127.4
136,280,128.2
136,290,128.9
134,139,0
134,140,71.9
134,150,78.5
134,160,84.6
134,170,89.9
134,180,94.4
134,190,98.1
134,200,100.4
134,210,102.4
134,220,104.1
134,230,105.5
134,240,106.8
134,260,108.8
134,270,109.6
134,280,110.3
134,290,110.9
133,139,0
133,140,24.3
133,150,26.6
133,160,28.6
133,170,30.4
133,180,32
133,190,33.2
133,200,34
133,210,34.7
133,230,35.7
133,250,36.5
133,270,37.1
133,290,37.5
132,139,0
132,140,0.3
132,190,0.3
132,200,0.4
79,129,0
157,129,0
157,130,0.003
372,129,0
372,130,0.1
312,129,0
312,130,0.17
158,129,0
158,130,0.291
313,129,0
313,130,0.31
165,129,0
165,130,0.369
151,129,0
151,130,0.3
151,140,0.4
151,180,0.4
151,190,0.5
82,129,0
82,130,0.52
371,129,0
371,130,0.9
370,129,0
370,130,0.6715
311,129,0
311,130,0.6715
159,129,0
159,130,1
154,129,0
154,130,1
154,150,1
154,151,0
81,129,0
81,130,0.6715
80,129,0
80,130,0.068
306,129,0
306,130,5.9
306,150,6.9
306,170,7.7
306,180,8
306,220,8.8
306,280,9.4
83,129,0
83,130,1
76,129,0
76,130,1
76,150,1
76,151,0
368,129,0
368,130,9.7
368,140,10.7
368,160,12.3
368,180,13.5
368,200,14.3
368,220,14.9
368,260,15.7
368,290,16
365,129,0
365,130,6.6
365,140,7.3
365,170,8.8
365,180,9.2
365,200,9.8
365,210,10
365,220,10.1
365,230,10.3
365,290,10.9
309,129,0
309,130,26.8
309,140,29.3
309,150,31.5
309,160,33.5
309,170,35.2
309,180,36.5
309,190,37.6
309,200,38.5
309,210,39.3
309,220,40
309,230,40.6
309,250,41.6
309,270,42.4
309,280,42.7
309,290,43.1
308,129,0
308,130,14.7
308,140,16.1
308,150,17.3
308,160,18.4
308,170,19.3
308,180,20
308,190,20.6
308,200,21.1
308,230,22.3
308,240,22.5
308,250,22.8
308,260,23
308,270,23.3
308,280,23.4
308,290,23.6
163,129,0
163,130,42.3
163,140,46.3
163,150,49.9
163,160,52.9
163,170,55.6
163,180,57.6
163,190,59.4
163,200,60.9
163,210,62.3
163,220,63.5
163,240,65.7
163,260,67.5
163,280,68.9
163,290,69.5
152,129,0
152,130,32.2
152,140,35
152,150,37.6
152,160,39.8
152,170,41.6
152,180,43
152,190,44.1
152,210,45.9
152,230,47.1
152,240,47.6
152,260,48.4
152,270,48.7
152,290,49.1
307,129,0
307,130,58.2
307,140,63.5
307,150,68.3
307,160,72.5
307,170,76.1
307,180,79.1
307,190,81.4
307,200,83.3
307,210,85.1
307,220,86.6
307,230,87.9
307,240,89
307,260,91
307,270,91.9
307,290,93.3
74,129,0
74,130,48.7
74,140,53.4
74,150,57.5
74,160,61.1
74,170,64.2
74,180,66.9
74,190,69.3
74,210,71.3
74,220,72.2
74,240,73.6
74,260,74.8
74,270,75.3
74,290,76.1
366,129,0
366,130,65.4
366,140,71.9
366,150,77.5
366,160,82.4
366,170,86.7
366,180,90.4
366,190,93.6
366,200,96.3
366,210,98.3
366,220,100
366,230,101.5
366,240,102.9
366,260,105.1
366,270,106
366,280,106.8
366,290,107.5
367,129,0
367,130,87.7
367,140,96.3
367,150,103.9
367,160,110.4
367,170,116.2
367,180,121.1
367,190,125.5
367,200,129.1
367,210,131.8
367,220,134
367,230,136.1
367,240,137.9
367,250,139.4
367,260,140.8
367,270,142
367,280,143.1
367,290,144.1
310,129,0
310,130,86.6
310,140,94.6
310,150,101.7
310,160,108
310,170,113.4
310,180,117.8
310,190,121.2
310,200,124.1
310,210,126.7
310,220,128.9
310,230,130.9
310,240,132.6
310,250,134.1
310,260,135.5
310,270,136.8
310,280,137.9
310,290,138.9
369,129,0
369,130,97.4
369,140,107
369,150,115.4
369,160,122.7
369,170,129.1
369,180,134.6
369,190,139.4
369,200,143.4
369,210,146.4
369,220,148.9
369,230,151.2
369,240,153.2
369,250,154.9
369,260,156.5
369,270,157.8
369,280,159
369,290,160.1
164,129,0
164,130,114.7
164,140,125.6
164,150,135.1
164,160,143.4
164,170,150.8
164,180,156.2
164,190,160.9
164,200,165.1
164,210,168.8
164,220,172.2
164,230,175.2
164,240,178
164,250,180.5
164,260,182.8
164,270,184.8
164,280,186.7
164,290,188.4
153,129,0
153,130,110.5
153,140,120.3
153,150,129.1
153,160,136.7
153,170,143.1
153,180,147.8
153,190,151.6
153,200,154.8
153,210,157.6
153,220,159.9
153,230,161.9
153,240,163.5
153,250,165
153,260,166.2
153,270,167.3
153,280,168.2
153,290,168.9
156,129,0
156,200,0
156,201,1
78,129,0
78,200,0
78,201,1
155,129,0
155,150,0
155,151,1
155,200,1
155,201,0
77,129,0
77,150,0
77,151,1
77,200,1
77,201,0
75,129,0
75,130,93.6
75,140,102.6
75,150,110.5
75,160,117.5
75,170,123.5
75,180,128.7
75,190,133.2
75,200,135.2
75,210,137.1
75,220,138.8
75,240,141.6
75,260,143.8
75,270,144.8
75,280,145.6
75,290,146.3
73,129,0
73,130,62.9
73,140,68.9
73,150,74.2
73,160,78.9
73,170,82.9
73,180,86.4
73,190,89.4
73,200,90.8
73,210,92.1
73,220,93.2
73,230,94.1
73,240,95.1
73,250,95.8
73,260,96.6
73,280,97.8
73,290,98.2
72,129,0
72,130,6.4
72,140,7
72,160,8
72,180,8.8
72,190,9.1
72,260,9.8
72,270,9.8
72,280,9.9
433,199,0
436,199,0
436,200,0.32
435,199,0
435,200,0.57
434,199,0
434,200,0.15152
437,199,0
437,200,1
430,199,0
430,200,1
430,220,1
430,221,0
428,199,0
428,200,50
428,210,52.9
428,220,55.5
428,230,57.9
428,240,60
428,250,61.9
428,260,63.6
428,270,65.1
428,280,66.5
428,290,67.6
432,199,0
432,221,0
432,222,1
431,199,0
431,220,0
431,221,1
431,222,0
429,199,0
429,200,156.1
429,210,165.2
429,220,173.4
429,230,180.8
429,240,187.4
429,250,193.4
429,260,198.7
429,270,203.4
429,280,207.8
429,290,211.4
427,199,0
427,200,89
427,210,94.2
427,220,98.8
427,230,103.1
427,240,106.8
427,250,110.2
427,260,113.3
427,270,115.9
427,280,118.4
427,290,120.5
426,199,0
426,200,23.7
426,220,26.3
426,230,27.4
426,240,28.4
426,250,29.3
426,260,30.1
426,280,31.5
426,290,32
400,179,0
402,179,0
402,180,0.15842
404,179,0
404,180,0.46535
403,179,0
403,180,0.19802
401,179,0
401,180,0.17822
405,179,0
405,180,1
397,179,0
397,180,1
397,200,1
397,201,0
393,179,0
393,180,25.3
393,190,27
393,200,28.6
393,210,30
393,220,31.3
393,240,33.5
393,250,34.4
393,270,36
393,290,37.2
399,179,0
399,201,0
399,202,1
398,179,0
398,200,0
398,201,1
398,202,0
396,179,0
396,180,159.7
396,190,170.7
396,200,180.7
396,210,189.6
396,220,197.6
396,230,204.8
396,240,211.2
396,250,217.2
396,260,222.3
396,270,227
396,280,231.2
396,290,235
395,179,0
395,180,74.3
395,190,79.4
395,200,84.1
395,210,88.2
395,220,92
395,230,95.3
395,240,98.3
395,250,101.1
395,260,103.4
395,270,105.6
395,280,107.6
395,290,109.4
394,179,0
394,180,31.6
394,190,33.8
394,200,35.8
394,210,37.5
394,220,39.1
394,230,40.6
394,250,43
394,270,45
394,280,45.8
394,290,46.5
392,179,0
392,180,28.5
392,190,30.4
392,200,32.2
392,210,33.8
392,220,35.2
392,230,36.5
392,250,38.7
392,260,39.6
392,270,40.5
392,290,41.9
58,169,0
122,169,0
122,170,0.13
60,169,0
60,170,0.15152
443,169,0
443,170,0.46
121,169,0
121,170,0.25
61,169,0
61,170,0.48485
59,169,0
59,170,0.18182
441,169,0
441,170,25.3
441,180,27.3
441,190,29
441,200,30.5
441,210,31.7
441,220,32.8
441,230,33.7
441,240,34.4
441,260,35.6
441,280,36.4
441,290,36.7
119,169,0
119,170,24.1
119,180,25.9
119,190,27.5
119,200,28.9
119,210,30.2
119,220,31.3
119,230,32.3
119,250,33.9
119,260,34.6
119,270,35.2
119,290,36.2
62,169,0
62,170,1
55,169,0
55,170,1
55,190,1
55,191,0
52,169,0
52,170,27.5
52,180,29.5
52,190,31.2
52,200,32.7
52,210,34.1
52,220,35.3
52,230,36.4
52,240,37.4
52,260,39
52,270,39.7
52,290,40.9
442,169,0
442,170,54.9
442,180,59.3
442,190,63
442,200,66.2
442,210,69
442,220,71.3
442,230,73.2
442,240,74.8
442,250,76.1
442,260,77.3
442,280,79.1
442,290,79.8
118,169,0
118,170,46.3
118,180,49.8
118,190,52.9
118,200,55.6
118,210,58
118,220,60.2
118,230,62
118,240,63.7
118,250,65.2
118,260,66.5
118,270,67.7
118,290,69.5
120,169,0
120,170,185.1
120,180,199.1
120,190,211.6
120,200,222.5
120,210,232.2
120,220,240.7
120,230,248.2
120,240,254.8
120,250,260.7
120,260,266
120,270,270.6
120,280,274.5
120,290,278.1
57,169,0
57,200,0
57,201,1
56,169,0
56,190,0
56,191,1
56,200,1
56,201,0
54,169,0
54,170,181.8
54,180,194.5
54,190,205.8
54,200,216.1
54,210,224.9
54,220,232.9
54,230,240.3
54,240,246.6
54,250,252.4
54,260,257.4
54,270,262.1
54,280,266.3
54,290,270.1
53,169,0
53,170,88.1
53,180,94.3
53,190,99.8
53,200,104.8
53,210,109
53,220,112.9
53,230,116.5
53,240,119.6
53,250,122.4
53,260,124.8
53,270,127.1
53,280,129.1
53,290,131
51,169,0
51,170,33.1
51,180,35.4
51,190,37.4
51,200,39.3
51,210,40.9
51,230,43.7
51,250,45.9
51,270,47.7
51,290,49.1
17,119,0
295,119,0
295,120,0.08
227,119,0
227,120,0.068
298,119,0
298,120,0.26
296,119,0
296,120,0.28
264,119,0
264,120,0.32
238,119,0
238,120,0.24
237,119,0
237,120,0.369
297,119,0
297,120,0.58
263,119,0
263,120,0.57
228,119,0
228,120,0.6715
20,119,0
20,120,0.37
19,119,0
19,120,0.17
229,119,0
229,120,1
224,119,0
224,120,1
224,140,1
224,141,0
290,119,0
290,120,15.3
290,130,17
290,140,18.5
290,150,19.8
290,160,21
290,170,22
290,190,23.6
290,210,24.8
290,220,25.3
290,230,25.7
290,250,26.3
290,280,26.9
290,290,27
221,119,0
221,120,8.5
221,130,9.4
221,140,10.2
221,160,11.4
221,180,12.2
221,200,12.8
221,230,13.4
221,280,13.9
18,119,0
18,120,1
14,119,0
14,120,1
14,140,1
14,141,0
235,119,0
235,120,26.8
235,130,29.8
235,140,32.3
235,150,34.6
235,160,36.5
235,170,38.2
235,180,39.7
235,190,40.8
235,200,41.8
235,210,42.7
235,230,44.3
235,260,46.1
235,270,46.6
235,290,47.4
234,119,0
234,120,41.3
234,130,45.8
234,140,49.7
234,150,53.1
234,160,56.1
234,170,58.7
234,180,61
234,190,62.8
234,200,64.3
234,210,65.7
234,230,68.1
234,240,69.1
234,250,70
234,270,71.6
234,280,72.3
234,290,72.9
293,119,0
293,120,49.7
293,130,55.3
293,140,60.1
293,150,64.4
293,160,68.1
293,170,71.3
293,180,74.2
293,190,76.6
293,200,78.7
293,210,80.6
293,220,82.1
293,230,83.4
293,240,84.5
293,250,85.4
293,260,86.2
293,270,86.9
293,280,87.4
293,290,87.7
291,119,0
291,120,53.5
291,130,59.5
291,140,64.8
291,150,69.4
291,160,73.4
291,170,76.8
291,180,79.9
291,190,82.5
291,200,84.8
291,210,86.8
291,220,88.4
291,230,89.8
291,240,91
291,250,92
291,270,93.6
291,280,94.1
291,290,94.5
261,119,0
261,120,65.5
261,130,72.8
261,140,79.3
261,150,84.9
261,160,89.9
261,170,94.1
261,180,98
261,190,101.3
261,200,104.3
261,210,106.7
261,220,108.9
261,230,110.8
261,240,112.4
261,250,113.9
261,260,115.1
261,270,116.1
261,280,116.9
261,290,117.5
292,119,0
292,120,110.9
292,130,123.3
292,140,134.2
292,150,143.7
292,160,152
292,170,159.2
292,180,165.6
292,190,170.9
292,200,175.6
292,210,179.7
292,220,183.2
292,230,186
292,240,188.4
292,250,190.5
292,260,192.3
292,270,193.9
292,280,194.9
292,290,195.7
260,119,0
260,120,116.7
260,130,129.7
260,140,141.2
260,150,151.2
260,160,160.1
260,170,167.7
260,180,174.5
260,190,180.5
260,200,185.7
260,210,190.1
260,220,194
260,230,197.4
260,240,200.2
260,250,202.8
260,260,205
260,270,206.8
260,280,208.2
260,290,209.3
236,119,0
236,120,111.8
236,130,124
236,140,134.7
236,150,144
236,160,152.1
236,170,159.1
236,180,165.4
236,190,170.1
236,200,174.3
236,210,178
236,220,181.4
236,230,184.5
236,240,187.2
236,250,189.7
236,260,192
236,270,194
236,280,195.9
236,290,197.6
222,119,0
222,120,84.2
222,130,93.1
222,140,100.5
222,150,106.9
222,160,112.3
222,170,116.7
222,180,120.5
222,190,123.7
222,200,126.4
222,210,128.8
222,220,130.5
222,230,132
222,240,133.4
222,250,134.5
222,270,136.3
222,280,137.1
222,290,137.7
13,119,0
13,120,45.7
13,130,50.8
13,140,54.9
13,150,58.3
13,160,60.9
13,170,63.2
13,180,64.8
13,190,65.9
13,200,66.9
13,210,67.7
13,220,68.4
13,240,69.4
13,250,69.8
13,270,70.4
13,290,70.8
12,119,0
12,120,21
12,130,23.3
12,140,25.2
12,150,26.8
12,160,28
12,170,29
12,180,29.8
12,190,30.3
12,210,31.1
12,230,31.7
12,250,32.1
12,260,32.2
12,270,32.4
12,280,32.5
294,119,0
294,120,191.2
294,130,212.6
294,140,231.3
294,150,247.7
294,160,262
294,170,274.4
294,180,285.5
294,190,294.7
294,200,302.8
294,210,309.9
294,220,315.8
294,230,320.7
294,240,324.9
294,250,328.5
294,260,331.6
294,270,334.3
294,280,336
294,290,337.4
262,119,0
262,120,204.7
262,130,227.6
262,140,247.7
262,150,265.3
262,160,280.8
262,170,294.2
262,180,306.2
262,190,316.7
262,200,325.8
262,210,333.5
262,220,340.4
262,230,346.3
262,240,351.3
262,250,355.8
262,260,359.7
262,270,362.8
262,280,365.3
262,290,367.2
223,119,0
223,120,125.4
223,130,138.6
223,140,149.7
223,150,159.2
223,160,167.3
223,170,173.8
223,180,179.4
223,190,184.2
223,200,188.3
223,210,191.8
223,220,194.4
223,230,196.6
223,240,198.6
223,250,200.3
223,260,201.7
223,270,203
223,280,204.1
223,290,205.1
226,119,0
226,200,0
226,201,1
16,119,0
16,200,0
16,201,1
225,119,0
225,140,0
225,141,1
225,200,1
225,201,0
15,119,0
15,140,0
15,141,1
15,200,1
15,201,0
11,119,0
11,120,123.6
11,130,137.2
11,140,148.5
11,150,157.5
11,160,164.7
11,170,170.8
11,180,175.1
11,190,178.2
11,200,180.8
11,210,183
11,220,184.8
11,230,186.3
11,240,187.6
11,250,188.6
11,260,189.5
11,270,190.3
11,280,190.9
11,290,191.4
0,0,1
4,0,1
4,5,1
4,6,0
