TRACK,STRATA
1,1.0 x 0+treatment()+AU(2903011)+IFM(unmanaged)+ORIGIN(planted)+SILV_STATE(cc_pl)+RETENTION(0.524995820799726)
2,1.0 x 0+treatment()+AU(2903011)+IFM(managed)+ORIGIN(planted)+SILV_STATE(cc_pl)+RETENTION(0.524995820799726)
3,1.0 x 0+treatment()+AU(2901008)+IFM(unmanaged)+ORIGIN(planted)+SILV_STATE(cc_pl)+RETENTION(0.524995820799726)
4,1.0 x 0+treatment()+AU(2901008)+IFM(managed)+ORIGIN(planted)+SILV_STATE(cc_pl)+RETENTION(0.524995820799726)
5,1.0 x 0+treatment()+AU(2903008)+IFM(unmanaged)+ORIGIN(natural)+SILV_STATE(baseline)+RETENTION(0.524995820799726)
6,1.0 x 0+treatment()+AU(2903008)+IFM(managed)+ORIGIN(natural)+SILV_STATE(baseline)+RETENTION(0.524995820799726)
7,1.0 x 0+treatment()+AU(2903008)+IFM(managed)+ORIGIN(planted)+SILV_STATE(cc_pl)+RETENTION(0.524995820799726)
8,1.0 x 0+treatment()+AU(2902002)+IFM(unmanaged)+ORIGIN(natural)+SILV_STATE(baseline)+RETENTION(0.524995820799726)
9,1.0 x 0+treatment()+AU(2902002)+IFM(managed)+ORIGIN(natural)+SILV_STATE(baseline)+RETENTION(0.524995820799726)
10,1.0 x 0+treatment()+AU(2902002)+IFM(managed)+ORIGIN(planted)+SILV_STATE(cc_pl)+RETENTION(0.524995820799726)
11,1.0 x 0+treatment()+AU(2903010)+IFM(unmanaged)+ORIGIN(natural)+SILV_STATE(baseline)+RETENTION(0.524995820799726)
12,1.0 x 0+treatment()+AU(2903010)+IFM(managed)+ORIGIN(natural)+SILV_STATE(baseline)+RETENTION(0.524995820799726)
13,1.0 x 0+treatment()+AU(2903010)+IFM(managed)+ORIGIN(planted)+SILV_STATE(cc_pl)+RETENTION(0.524995820799726)
14,1.0 x 0+treatment()+AU(2902008)+IFM(unmanaged)+ORIGIN(natural)+SILV_STATE(baseline)+RETENTION(0.524995820799726)
15,1.0 x 0+treatment()+AU(2902008)+IFM(managed)+ORIGIN(natural)+SILV_STATE(baseline)+RETENTION(0.524995820799726)
16,1.0 x 0+treatment()+AU(2902008)+IFM(managed)+ORIGIN(planted)+SILV_STATE(cc_pl)+RETENTION(0.524995820799726)
17,1.0 x 0+treatment()+AU(2903002)+IFM(unmanaged)+ORIGIN(planted)+SILV_STATE(cc_pl)+RETENTION(0.524995820799726)
18,1.0 x 0+treatment()+AU(2903002)+IFM(managed)+ORIGIN(planted)+SILV_STATE(cc_pl)+RETENTION(0.524995820799726)
19,1.0 x 0+treatment()+AU(2901003)+IFM(unmanaged)+ORIGIN(planted)+SILV_STATE(cc_pl)+RETENTION(0.524995820799726)
20,1.0 x 0+treatment()+AU(2901003)+IFM(managed)+ORIGIN(planted)+SILV_STATE(cc_pl)+RETENTION(0.524995820799726)
21,1.0 x 0+treatment()+AU(2903008)+IFM(unmanaged)+ORIGIN(planted)+SILV_STATE(cc_pl)+RETENTION(0.524995820799726)
22,1.0 x 0+treatment()+AU(2903002)+IFM(unmanaged)+ORIGIN(natural)+SILV_STATE(baseline)+RETENTION(0.524995820799726)
23,1.0 x 0+treatment()+AU(2903002)+IFM(managed)+ORIGIN(natural)+SILV_STATE(baseline)+RETENTION(0.524995820799726)
24,1.0 x 0+treatment()+AU(2901002)+IFM(unmanaged)+ORIGIN(natural)+SILV_STATE(baseline)+RETENTION(0.524995820799726)
25,1.0 x 0+treatment()+AU(2901002)+IFM(managed)+ORIGIN(natural)+SILV_STATE(baseline)+RETENTION(0.524995820799726)
26,1.0 x 0+treatment()+AU(2901002)+IFM(managed)+ORIGIN(planted)+SILV_STATE(cc_pl)+RETENTION(0.524995820799726)
27,1.0 x 0+treatment()+AU(2902002)+IFM(unmanaged)+ORIGIN(planted)+SILV_STATE(cc_pl)+RETENTION(0.524995820799726)
28,1.0 x 0+treatment()+AU(2903005)+IFM(unmanaged)+ORIGIN(planted)+SILV_STATE(cc_pl)+RETENTION(0.524995820799726)
29,1.0 x 0+treatment()+AU(2903005)+IFM(managed)+ORIGIN(planted)+SILV_STATE(cc_pl)+RETENTION(0.524995820799726)
30,1.0 x 0+treatment()+AU(2902008)+IFM(unmanaged)+ORIGIN(planted)+SILV_STATE(cc_pl)+RETENTION(0.524995820799726)
31,1.0 x 0+treatment()+AU(2901011)+IFM(unmanaged)+ORIGIN(planted)+SILV_STATE(cc_pl)+RETENTION(0.524995820799726)
32,1.0 x 0+treatment()+AU(2901011)+IFM(managed)+ORIGIN(planted)+SILV_STATE(cc_pl)+RETENTION(0.524995820799726)
33,1.0 x 0+treatment()+AU(2903000)+IFM(unmanaged)+ORIGIN(planted)+SILV_STATE(cc_pl)+RETENTION(0.524995820799726)
34,1.0 x 0+treatment()+AU(2903000)+IFM(managed)+ORIGIN(planted)+SILV_STATE(cc_pl)+RETENTION(0.524995820799726)
35,1.0 x 0+treatment()+AU(2902011)+IFM(unmanaged)+ORIGIN(planted)+SILV_STATE(cc_pl)+RETENTION(0.524995820799726)
36,1.0 x 0+treatment()+AU(2902011)+IFM(managed)+ORIGIN(planted)+SILV_STATE(cc_pl)+RETENTION(0.524995820799726)
37,1.0 x 0+treatment()+AU(2903005)+IFM(unmanaged)+ORIGIN(natural)+SILV_STATE(baseline)+RETENTION(0.524995820799726)
38,1.0 x 0+treatment()+AU(2903005)+IFM(managed)+ORIGIN(natural)+SILV_STATE(baseline)+RETENTION(0.524995820799726)
39,1.0 x 0+treatment()+AU(2902005)+IFM(unmanaged)+ORIGIN(natural)+SILV_STATE(baseline)+RETENTION(0.524995820799726)
40,1.0 x 0+treatment()+AU(2902005)+IFM(managed)+ORIGIN(natural)+SILV_STATE(baseline)+RETENTION(0.524995820799726)
41,1.0 x 0+treatment()+AU(2902005)+IFM(managed)+ORIGIN(planted)+SILV_STATE(cc_pl)+RETENTION(0.524995820799726)
42,1.0 x 0+treatment()+AU(2901002)+IFM(unmanaged)+ORIGIN(planted)+SILV_STATE(cc_pl)+RETENTION(0.524995820799726)
43,1.0 x 0+treatment()+AU(2903008)+IFM(unmanaged)+ORIGIN(natural)+SILV_STATE(baseline)+RETENTION(0.0)
44,1.0 x 0+treatment()+AU(2903002)+IFM(unmanaged)+ORIGIN(natural)+SILV_STATE(baseline)+RETENTION(0.0)
45,1.0 x 0+treatment()+AU(2903011)+IFM(unmanaged)+ORIGIN(natural)+SILV_STATE(baseline)+RETENTION(0.524995820799726)
46,1.0 x 0+treatment()+AU(2903011)+IFM(managed)+ORIGIN(natural)+SILV_STATE(baseline)+RETENTION(0.524995820799726)
47,1.0 x 0+treatment()+AU(2902003)+IFM(unmanaged)+ORIGIN(natural)+SILV_STATE(baseline)+RETENTION(0.524995820799726)
48,1.0 x 0+treatment()+AU(2902003)+IFM(managed)+ORIGIN(natural)+SILV_STATE(baseline)+RETENTION(0.524995820799726)
49,1.0 x 0+treatment()+AU(2902003)+IFM(managed)+ORIGIN(planted)+SILV_STATE(cc_pl)+RETENTION(0.524995820799726)
50,1.0 x 0+treatment()+AU(2902008)+IFM(unmanaged)+ORIGIN(planted)+SILV_STATE(cc_pl)+RETENTION(0.0)
51,1.0 x 0+treatment()+AU(2901003)+IFM(unmanaged)+ORIGIN(natural)+SILV_STATE(baseline)+RETENTION(0.524995820799726)
52,1.0 x 0+treatment()+AU(2901003)+IFM(managed)+ORIGIN(natural)+SILV_STATE(baseline)+RETENTION(0.524995820799726)
53,1.0 x 0+treatment()+AU(2902002)+IFM(unmanaged)+ORIGIN(natural)+SILV_STATE(baseline)+RETENTION(0.0)
54,1.0 x 0+treatment()+AU(2902000)+IFM(unmanaged)+ORIGIN(planted)+SILV_STATE(cc_pl)+RETENTION(0.524995820799726)
55,1.0 x 0+treatment()+AU(2902000)+IFM(managed)+ORIGIN(planted)+SILV_STATE(cc_pl)+RETENTION(0.524995820799726)
56,1.0 x 0+treatment()+AU(2901002)+IFM(unmanaged)+ORIGIN(natural)+SILV_STATE(baseline)+RETENTION(0.0)
57,1.0 x 0+treatment()+AU(2903003)+IFM(unmanaged)+ORIGIN(planted)+SILV_STATE(cc_pl)+RETENTION(0.524995820799726)
58,1.0 x 0+treatment()+AU(2903003)+IFM(managed)+ORIGIN(planted)+SILV_STATE(cc_pl)+RETENTION(0.524995820799726)
59,1.0 x 0+treatment()+AU(2902003)+IFM(unmanaged)+ORIGIN(planted)+SILV_STATE(cc_pl)+RETENTION(0.524995820799726)
60,1.0 x 0+treatment()+AU(2903004)+IFM(unmanaged)+ORIGIN(planted)+SILV_STATE(cc_pl)+RETENTION(0.524995820799726)
61,1.0 x 0+treatment()+AU(2903004)+IFM(managed)+ORIGIN(planted)+SILV_STATE(cc_pl)+RETENTION(0.524995820799726)
62,1.0 x 0+treatment()+AU(2903003)+IFM(unmanaged)+ORIGIN(natural)+SILV_STATE(baseline)+RETENTION(0.524995820799726)
63,1.0 x 0+treatment()+AU(2903003)+IFM(managed)+ORIGIN(natural)+SILV_STATE(baseline)+RETENTION(0.524995820799726)
64,1.0 x 0+treatment()+AU(2901013)+IFM(unmanaged)+ORIGIN(natural)+SILV_STATE(baseline)+RETENTION(0.524995820799726)
65,1.0 x 0+treatment()+AU(2901013)+IFM(managed)+ORIGIN(natural)+SILV_STATE(baseline)+RETENTION(0.524995820799726)
66,1.0 x 0+treatment()+AU(2901013)+IFM(managed)+ORIGIN(planted)+SILV_STATE(cc_pl)+RETENTION(0.524995820799726)
67,1.0 x 0+treatment()+AU(2903004)+IFM(unmanaged)+ORIGIN(natural)+SILV_STATE(baseline)+RETENTION(0.524995820799726)
68,1.0 x 0+treatment()+AU(2903004)+IFM(managed)+ORIGIN(natural)+SILV_STATE(baseline)+RETENTION(0.524995820799726)
69,1.0 x 0+treatment()+AU(2903004)+IFM(unmanaged)+ORIGIN(planted)+SILV_STATE(cc_pl)+RETENTION(0.0)
70,1.0 x 0+treatment()+AU(2901008)+IFM(unmanaged)+ORIGIN(natural)+SILV_STATE(baseline)+RETENTION(0.524995820799726)
71,1.0 x 0+treatment()+AU(2901008)+IFM(managed)+ORIGIN(natural)+SILV_STATE(baseline)+RETENTION(0.524995820799726)
72,1.0 x 0+treatment()+AU(2903010)+IFM(unmanaged)+ORIGIN(planted)+SILV_STATE(cc_pl)+RETENTION(0.524995820799726)
73,1.0 x 0+treatment()+AU(2902005)+IFM(unmanaged)+ORIGIN(planted)+SILV_STATE(cc_pl)+RETENTION(0.524995820799726)
74,1.0 x 0+treatment()+AU(2902000)+IFM(unmanaged)+ORIGIN(natural)+SILV_STATE(baseline)+RETENTION(0.524995820799726)
75,1.0 x 0+treatment()+AU(2902000)+IFM(managed)+ORIGIN(natural)+SILV_STATE(baseline)+RETENTION(0.524995820799726)
76,1.0 x 0+treatment()+AU(2903003)+IFM(unmanaged)+ORIGIN(natural)+SILV_STATE(baseline)+RETENTION(0.0)
77,1.0 x 0+treatment()+AU(2901005)+IFM(unmanaged)+ORIGIN(natural)+SILV_STATE(baseline)+RETENTION(0.524995820799726)
78,1.0 x 0+treatment()+AU(2901005)+IFM(managed)+ORIGIN(natural)+SILV_STATE(baseline)+RETENTION(0.524995820799726)
79,1.0 x 0+treatment()+AU(2901005)+IFM(managed)+ORIGIN(planted)+SILV_STATE(cc_pl)+RETENTION(0.524995820799726)
80,1.0 x 0+treatment()+AU(2903004)+IFM(unmanaged)+ORIGIN(natural)+SILV_STATE(baseline)+RETENTION(0.0)
81,1.0 x 0+treatment()+AU(2902011)+IFM(unmanaged)+ORIGIN(natural)+SILV_STATE(baseline)+RETENTION(0.524995820799726)
82,1.0 x 0+treatment()+AU(2902011)+IFM(managed)+ORIGIN(natural)+SILV_STATE(baseline)+RETENTION(0.524995820799726)
83,1.0 x 0+treatment()+AU(2902008)+IFM(unmanaged)+ORIGIN(natural)+SILV_STATE(baseline)+RETENTION(0.0)
84,1.0 x 0+treatment()+AU(2902005)+IFM(unmanaged)+ORIGIN(natural)+SILV_STATE(baseline)+RETENTION(0.0)
85,1.0 x 0+treatment()+AU(2903002)+IFM(unmanaged)+ORIGIN(planted)+SILV_STATE(cc_pl)+RETENTION(0.0)
86,1.0 x 0+treatment()+AU(2903008)+IFM(unmanaged)+ORIGIN(planted)+SILV_STATE(cc_pl)+RETENTION(0.0)
87,1.0 x 0+treatment()+AU(2902002)+IFM(unmanaged)+ORIGIN(planted)+SILV_STATE(cc_pl)+RETENTION(0.0)
88,1.0 x 0+treatment()+AU(2902003)+IFM(unmanaged)+ORIGIN(natural)+SILV_STATE(baseline)+RETENTION(0.0)
89,1.0 x 0+treatment()+AU(2903011)+IFM(unmanaged)+ORIGIN(planted)+SILV_STATE(cc_pl)+RETENTION(0.0)
90,1.0 x 0+treatment()+AU(2903000)+IFM(unmanaged)+ORIGIN(planted)+SILV_STATE(cc_pl)+RETENTION(0.0)
91,1.0 x 0+treatment()+AU(2903010)+IFM(unmanaged)+ORIGIN(natural)+SILV_STATE(baseline)+RETENTION(0.0)
92,1.0 x 0+treatment()+AU(2903005)+IFM(unmanaged)+ORIGIN(natural)+SILV_STATE(baseline)+RETENTION(0.0)
93,1.0 x 0+treatment()+AU(2901003)+IFM(unmanaged)+ORIGIN(planted)+SILV_STATE(cc_pl)+RETENTION(0.0)
94,1.0 x 0+treatment()+AU(2903003)+IFM(unmanaged)+ORIGIN(planted)+SILV_STATE(cc_pl)+RETENTION(0.0)
95,1.0 x 0+treatment()+AU(2903005)+IFM(unmanaged)+ORIGIN(planted)+SILV_STATE(cc_pl)+RETENTION(0.0)
96,1.0 x 0+treatment()+AU(2902003)+IFM(unmanaged)+ORIGIN(planted)+SILV_STATE(cc_pl)+RETENTION(0.0)
97,1.0 x 0+treatment()+AU(2901008)+IFM(unmanaged)+ORIGIN(natural)+SILV_STATE(baseline)+RETENTION(0.0)
98,1.0 x 0+treatment()+AU(2901003)+IFM(unmanaged)+ORIGIN(natural)+SILV_STATE(baseline)+RETENTION(0.0)
99,1.0 x 0+treatment()+AU(2901008)+IFM(unmanaged)+ORIGIN(planted)+SILV_STATE(cc_pl)+RETENTION(0.0)
100,1.0 x 0+treatment()+AU(2901002)+IFM(unmanaged)+ORIGIN(planted)+SILV_STATE(cc_pl)+RETENTION(0.0)
101,1.0 x 0+treatment()+AU(2902011)+IFM(unmanaged)+ORIGIN(natural)+SILV_STATE(baseline)+RETENTION(0.0)
102,1.0 x 0+treatment()+AU(2902011)+IFM(unmanaged)+ORIGIN(planted)+SILV_STATE(cc_pl)+RETENTION(0.0)
103,1.0 x 0+treatment()+AU(2902005)+IFM(unmanaged)+ORIGIN(planted)+SILV_STATE(cc_pl)+RETENTION(0.0)
104,1.0 x 0+treatment()+AU(2902000)+IFM(unmanaged)+ORIGIN(natural)+SILV_STATE(baseline)+RETENTION(0.0)
105,1.0 x 0+treatment()+AU(2901011)+IFM(unmanaged)+ORIGIN(planted)+SILV_STATE(cc_pl)+RETENTION(0.0)
106,1.0 x 0+treatment()+AU(2901017)+IFM(unmanaged)+ORIGIN(planted)+SILV_STATE(cc_pl)+RETENTION(0.524995820799726)
107,1.0 x 0+treatment()+AU(2901017)+IFM(managed)+ORIGIN(planted)+SILV_STATE(cc_pl)+RETENTION(0.524995820799726)
108,1.0 x 0+treatment()+AU(2901017)+IFM(unmanaged)+ORIGIN(planted)+SILV_STATE(cc_pl)+RETENTION(0.0)
109,1.0 x 0+treatment()+AU(2901013)+IFM(unmanaged)+ORIGIN(natural)+SILV_STATE(baseline)+RETENTION(0.0)
110,1.0 x 0+treatment()+AU(2901005)+IFM(unmanaged)+ORIGIN(natural)+SILV_STATE(baseline)+RETENTION(0.0)
111,1.0 x 0+treatment()+AU(2901011)+IFM(unmanaged)+ORIGIN(natural)+SILV_STATE(baseline)+RETENTION(0.524995820799726)
112,1.0 x 0+treatment()+AU(2901011)+IFM(managed)+ORIGIN(natural)+SILV_STATE(baseline)+RETENTION(0.524995820799726)
113,1.0 x 0+treatment()+AU(2901011)+IFM(unmanaged)+ORIGIN(natural)+SILV_STATE(baseline)+RETENTION(0.0)
114,1.0 x 0+treatment()+AU(2902011)+IFM(unmanaged)+ORIGIN(planted)+SILV_STATE(cc_pl)+RETENTION(0.524995820799725)
115,1.0 x 0+treatment()+AU(2902011)+IFM(managed)+ORIGIN(planted)+SILV_STATE(cc_pl)+RETENTION(0.524995820799725)
116,1.0 x 0+treatment()+AU(2903000)+IFM(unmanaged)+ORIGIN(planted)+SILV_STATE(cc_pl)+RETENTION(0.524995820799725)
117,1.0 x 0+treatment()+AU(2903000)+IFM(managed)+ORIGIN(planted)+SILV_STATE(cc_pl)+RETENTION(0.524995820799725)
118,1.0 x 0+treatment()+AU(2901003)+IFM(unmanaged)+ORIGIN(natural)+SILV_STATE(baseline)+RETENTION(0.524995820799725)
119,1.0 x 0+treatment()+AU(2901003)+IFM(managed)+ORIGIN(natural)+SILV_STATE(baseline)+RETENTION(0.524995820799725)
120,1.0 x 0+treatment()+AU(2901003)+IFM(managed)+ORIGIN(planted)+SILV_STATE(cc_pl)+RETENTION(0.524995820799725)
121,1.0 x 0+treatment()+AU(2901011)+IFM(unmanaged)+ORIGIN(natural)+SILV_STATE(baseline)+RETENTION(0.524995820799725)
122,1.0 x 0+treatment()+AU(2901011)+IFM(managed)+ORIGIN(natural)+SILV_STATE(baseline)+RETENTION(0.524995820799725)
123,1.0 x 0+treatment()+AU(2901011)+IFM(managed)+ORIGIN(planted)+SILV_STATE(cc_pl)+RETENTION(0.524995820799725)
124,1.0 x 0+treatment()+AU(2902003)+IFM(unmanaged)+ORIGIN(natural)+SILV_STATE(baseline)+RETENTION(0.524995820799725)
125,1.0 x 0+treatment()+AU(2902003)+IFM(managed)+ORIGIN(natural)+SILV_STATE(baseline)+RETENTION(0.524995820799725)
126,1.0 x 0+treatment()+AU(2902003)+IFM(managed)+ORIGIN(planted)+SILV_STATE(cc_pl)+RETENTION(0.524995820799725)
127,1.0 x 0+treatment()+AU(2902008)+IFM(unmanaged)+ORIGIN(natural)+SILV_STATE(baseline)+RETENTION(0.524995820799725)
128,1.0 x 0+treatment()+AU(2902008)+IFM(managed)+ORIGIN(natural)+SILV_STATE(baseline)+RETENTION(0.524995820799725)
129,1.0 x 0+treatment()+AU(2902008)+IFM(managed)+ORIGIN(planted)+SILV_STATE(cc_pl)+RETENTION(0.524995820799725)
130,1.0 x 0+treatment()+AU(2901008)+IFM(unmanaged)+ORIGIN(natural)+SILV_STATE(baseline)+RETENTION(0.524995820799725)
131,1.0 x 0+treatment()+AU(2901008)+IFM(managed)+ORIGIN(natural)+SILV_STATE(baseline)+RETENTION(0.524995820799725)
132,1.0 x 0+treatment()+AU(2901008)+IFM(managed)+ORIGIN(planted)+SILV_STATE(cc_pl)+RETENTION(0.524995820799725)
133,1.0 x 0+treatment()+AU(2901002)+IFM(unmanaged)+ORIGIN(natural)+SILV_STATE(baseline)+RETENTION(0.524995820799725)
134,1.0 x 0+treatment()+AU(2901002)+IFM(managed)+ORIGIN(natural)+SILV_STATE(baseline)+RETENTION(0.524995820799725)
135,1.0 x 0+treatment()+AU(2901002)+IFM(managed)+ORIGIN(planted)+SILV_STATE(cc_pl)+RETENTION(0.524995820799725)
136,1.0 x 0+treatment()+AU(2901000)+IFM(unmanaged)+ORIGIN(natural)+SILV_STATE(baseline)+RETENTION(0.0)
137,1.0 x 0+treatment()+AU(2901003)+IFM(unmanaged)+ORIGIN(planted)+SILV_STATE(cc_pl)+RETENTION(0.524995820799725)
138,1.0 x 0+treatment()+AU(2903010)+IFM(unmanaged)+ORIGIN(planted)+SILV_STATE(cc_pl)+RETENTION(0.524995820799725)
139,1.0 x 0+treatment()+AU(2903010)+IFM(managed)+ORIGIN(planted)+SILV_STATE(cc_pl)+RETENTION(0.524995820799725)
140,1.0 x 0+treatment()+AU(2901011)+IFM(unmanaged)+ORIGIN(planted)+SILV_STATE(cc_pl)+RETENTION(0.524995820799725)
141,1.0 x 0+treatment()+AU(2903002)+IFM(unmanaged)+ORIGIN(natural)+SILV_STATE(baseline)+RETENTION(0.524995820799725)
142,1.0 x 0+treatment()+AU(2903002)+IFM(managed)+ORIGIN(natural)+SILV_STATE(baseline)+RETENTION(0.524995820799725)
143,1.0 x 0+treatment()+AU(2903002)+IFM(managed)+ORIGIN(planted)+SILV_STATE(cc_pl)+RETENTION(0.524995820799725)
144,1.0 x 0+treatment()+AU(2902000)+IFM(unmanaged)+ORIGIN(natural)+SILV_STATE(baseline)+RETENTION(0.524995820799725)
145,1.0 x 0+treatment()+AU(2902000)+IFM(managed)+ORIGIN(natural)+SILV_STATE(baseline)+RETENTION(0.524995820799725)
146,1.0 x 0+treatment()+AU(2902000)+IFM(managed)+ORIGIN(planted)+SILV_STATE(cc_pl)+RETENTION(0.524995820799725)
147,1.0 x 0+treatment()+AU(2903002)+IFM(unmanaged)+ORIGIN(planted)+SILV_STATE(cc_pl)+RETENTION(0.524995820799725)
148,1.0 x 0+treatment()+AU(2902000)+IFM(unmanaged)+ORIGIN(planted)+SILV_STATE(cc_pl)+RETENTION(0.524995820799725)
149,1.0 x 0+treatment()+AU(2903011)+IFM(unmanaged)+ORIGIN(planted)+SILV_STATE(cc_pl)+RETENTION(0.524995820799725)
150,1.0 x 0+treatment()+AU(2903011)+IFM(managed)+ORIGIN(planted)+SILV_STATE(cc_pl)+RETENTION(0.524995820799725)
151,1.0 x 0+treatment()+AU(2903003)+IFM(unmanaged)+ORIGIN(natural)+SILV_STATE(baseline)+RETENTION(0.524995820799725)
152,1.0 x 0+treatment()+AU(2903003)+IFM(managed)+ORIGIN(natural)+SILV_STATE(baseline)+RETENTION(0.524995820799725)
153,1.0 x 0+treatment()+AU(2903003)+IFM(managed)+ORIGIN(planted)+SILV_STATE(cc_pl)+RETENTION(0.524995820799725)
154,1.0 x 0+treatment()+AU(2901010)+IFM(unmanaged)+ORIGIN(natural)+SILV_STATE(baseline)+RETENTION(0.524995820799725)
155,1.0 x 0+treatment()+AU(2901010)+IFM(managed)+ORIGIN(natural)+SILV_STATE(baseline)+RETENTION(0.524995820799725)
156,1.0 x 0+treatment()+AU(2901010)+IFM(managed)+ORIGIN(planted)+SILV_STATE(cc_pl)+RETENTION(0.524995820799725)
157,1.0 x 0+treatment()+AU(2903000)+IFM(unmanaged)+ORIGIN(natural)+SILV_STATE(baseline)+RETENTION(0.524995820799725)
158,1.0 x 0+treatment()+AU(2903000)+IFM(managed)+ORIGIN(natural)+SILV_STATE(baseline)+RETENTION(0.524995820799725)
159,1.0 x 0+treatment()+AU(2902011)+IFM(unmanaged)+ORIGIN(natural)+SILV_STATE(baseline)+RETENTION(0.524995820799725)
160,1.0 x 0+treatment()+AU(2902011)+IFM(managed)+ORIGIN(natural)+SILV_STATE(baseline)+RETENTION(0.524995820799725)
161,1.0 x 0+treatment()+AU(2903003)+IFM(unmanaged)+ORIGIN(planted)+SILV_STATE(cc_pl)+RETENTION(0.524995820799725)
162,1.0 x 0+treatment()+AU(2902002)+IFM(unmanaged)+ORIGIN(planted)+SILV_STATE(cc_pl)+RETENTION(0.524995820799725)
163,1.0 x 0+treatment()+AU(2902002)+IFM(managed)+ORIGIN(planted)+SILV_STATE(cc_pl)+RETENTION(0.524995820799725)
164,1.0 x 0+treatment()+AU(2902002)+IFM(unmanaged)+ORIGIN(natural)+SILV_STATE(baseline)+RETENTION(0.524995820799725)
165,1.0 x 0+treatment()+AU(2902002)+IFM(managed)+ORIGIN(natural)+SILV_STATE(baseline)+RETENTION(0.524995820799725)
166,1.0 x 0+treatment()+AU(2902003)+IFM(unmanaged)+ORIGIN(planted)+SILV_STATE(cc_pl)+RETENTION(0.524995820799725)
167,1.0 x 0+treatment()+AU(2901002)+IFM(unmanaged)+ORIGIN(planted)+SILV_STATE(cc_pl)+RETENTION(0.524995820799725)
168,1.0 x 0+treatment()+AU(2903010)+IFM(unmanaged)+ORIGIN(natural)+SILV_STATE(baseline)+RETENTION(0.524995820799725)
169,1.0 x 0+treatment()+AU(2903010)+IFM(managed)+ORIGIN(natural)+SILV_STATE(baseline)+RETENTION(0.524995820799725)
170,1.0 x 0+treatment()+AU(2901000)+IFM(unmanaged)+ORIGIN(planted)+SILV_STATE(cc_pl)+RETENTION(0.524995820799725)
171,1.0 x 0+treatment()+AU(2901000)+IFM(managed)+ORIGIN(planted)+SILV_STATE(cc_pl)+RETENTION(0.524995820799725)
172,1.0 x 0+treatment()+AU(2902005)+IFM(unmanaged)+ORIGIN(planted)+SILV_STATE(cc_pl)+RETENTION(0.524995820799725)
173,1.0 x 0+treatment()+AU(2902005)+IFM(managed)+ORIGIN(planted)+SILV_STATE(cc_pl)+RETENTION(0.524995820799725)
174,1.0 x 0+treatment()+AU(2903005)+IFM(unmanaged)+ORIGIN(natural)+SILV_STATE(baseline)+RETENTION(0.524995820799725)
175,1.0 x 0+treatment()+AU(2903005)+IFM(managed)+ORIGIN(natural)+SILV_STATE(baseline)+RETENTION(0.524995820799725)
176,1.0 x 0+treatment()+AU(2903005)+IFM(managed)+ORIGIN(planted)+SILV_STATE(cc_pl)+RETENTION(0.524995820799725)
177,1.0 x 0+treatment()+AU(2901005)+IFM(unmanaged)+ORIGIN(natural)+SILV_STATE(baseline)+RETENTION(0.524995820799725)
178,1.0 x 0+treatment()+AU(2901005)+IFM(managed)+ORIGIN(natural)+SILV_STATE(baseline)+RETENTION(0.524995820799725)
179,1.0 x 0+treatment()+AU(2901005)+IFM(managed)+ORIGIN(planted)+SILV_STATE(cc_pl)+RETENTION(0.524995820799725)
180,1.0 x 0+treatment()+AU(2902010)+IFM(unmanaged)+ORIGIN(planted)+SILV_STATE(cc_pl)+RETENTION(0.524995820799725)
181,1.0 x 0+treatment()+AU(2902010)+IFM(managed)+ORIGIN(planted)+SILV_STATE(cc_pl)+RETENTION(0.524995820799725)
182,1.0 x 0+treatment()+AU(2901005)+IFM(unmanaged)+ORIGIN(planted)+SILV_STATE(cc_pl)+RETENTION(0.524995820799725)
183,1.0 x 0+treatment()+AU(2902010)+IFM(unmanaged)+ORIGIN(natural)+SILV_STATE(baseline)+RETENTION(0.524995820799725)
184,1.0 x 0+treatment()+AU(2902010)+IFM(managed)+ORIGIN(natural)+SILV_STATE(baseline)+RETENTION(0.524995820799725)
185,1.0 x 0+treatment()+AU(2902010)+IFM(unmanaged)+ORIGIN(natural)+SILV_STATE(baseline)+RETENTION(0.0)
186,1.0 x 0+treatment()+AU(2902000)+IFM(unmanaged)+ORIGIN(planted)+SILV_STATE(cc_pl)+RETENTION(0.0)
187,1.0 x 0+treatment()+AU(2903000)+IFM(unmanaged)+ORIGIN(natural)+SILV_STATE(baseline)+RETENTION(0.0)
188,1.0 x 0+treatment()+AU(2901010)+IFM(unmanaged)+ORIGIN(natural)+SILV_STATE(baseline)+RETENTION(0.0)
189,1.0 x 0+treatment()+AU(2903010)+IFM(unmanaged)+ORIGIN(planted)+SILV_STATE(cc_pl)+RETENTION(0.0)
190,1.0 x 0+treatment()+AU(2902010)+IFM(unmanaged)+ORIGIN(planted)+SILV_STATE(cc_pl)+RETENTION(0.0)
191,1.0 x 0+treatment()+AU(2901000)+IFM(unmanaged)+ORIGIN(planted)+SILV_STATE(cc_pl)+RETENTION(0.0)
192,1.0 x 0+treatment()+AU(2903001)+IFM(unmanaged)+ORIGIN(planted)+SILV_STATE(cc_pl)+RETENTION(0.524995820799726)
193,1.0 x 0+treatment()+AU(2903001)+IFM(managed)+ORIGIN(planted)+SILV_STATE(cc_pl)+RETENTION(0.524995820799726)
194,1.0 x 0+treatment()+AU(2903001)+IFM(unmanaged)+ORIGIN(natural)+SILV_STATE(baseline)+RETENTION(0.524995820799726)
195,1.0 x 0+treatment()+AU(2903001)+IFM(managed)+ORIGIN(natural)+SILV_STATE(baseline)+RETENTION(0.524995820799726)
196,1.0 x 0+treatment()+AU(2903000)+IFM(unmanaged)+ORIGIN(natural)+SILV_STATE(baseline)+RETENTION(0.524995820799726)
197,1.0 x 0+treatment()+AU(2903000)+IFM(managed)+ORIGIN(natural)+SILV_STATE(baseline)+RETENTION(0.524995820799726)
198,1.0 x 0+treatment()+AU(2901010)+IFM(unmanaged)+ORIGIN(natural)+SILV_STATE(baseline)+RETENTION(0.524995820799726)
199,1.0 x 0+treatment()+AU(2901010)+IFM(managed)+ORIGIN(natural)+SILV_STATE(baseline)+RETENTION(0.524995820799726)
200,1.0 x 0+treatment()+AU(2901010)+IFM(managed)+ORIGIN(planted)+SILV_STATE(cc_pl)+RETENTION(0.524995820799726)
201,1.0 x 0+treatment()+AU(2901004)+IFM(unmanaged)+ORIGIN(natural)+SILV_STATE(baseline)+RETENTION(0.0)
202,1.0 x 0+treatment()+AU(2901001)+IFM(unmanaged)+ORIGIN(natural)+SILV_STATE(baseline)+RETENTION(0.524995820799726)
203,1.0 x 0+treatment()+AU(2901001)+IFM(managed)+ORIGIN(natural)+SILV_STATE(baseline)+RETENTION(0.524995820799726)
204,1.0 x 0+treatment()+AU(2901001)+IFM(managed)+ORIGIN(planted)+SILV_STATE(cc_pl)+RETENTION(0.524995820799726)
205,1.0 x 0+treatment()+AU(2902004)+IFM(unmanaged)+ORIGIN(natural)+SILV_STATE(baseline)+RETENTION(0.524995820799726)
206,1.0 x 0+treatment()+AU(2902004)+IFM(managed)+ORIGIN(natural)+SILV_STATE(baseline)+RETENTION(0.524995820799726)
207,1.0 x 0+treatment()+AU(2902004)+IFM(managed)+ORIGIN(planted)+SILV_STATE(cc_pl)+RETENTION(0.524995820799726)
208,1.0 x 0+treatment()+AU(2902010)+IFM(unmanaged)+ORIGIN(natural)+SILV_STATE(baseline)+RETENTION(0.524995820799726)
209,1.0 x 0+treatment()+AU(2902010)+IFM(managed)+ORIGIN(natural)+SILV_STATE(baseline)+RETENTION(0.524995820799726)
210,1.0 x 0+treatment()+AU(2902010)+IFM(managed)+ORIGIN(planted)+SILV_STATE(cc_pl)+RETENTION(0.524995820799726)
211,1.0 x 0+treatment()+AU(2901005)+IFM(unmanaged)+ORIGIN(planted)+SILV_STATE(cc_pl)+RETENTION(0.524995820799726)
212,1.0 x 0+treatment()+AU(2901006)+IFM(unmanaged)+ORIGIN(planted)+SILV_STATE(cc_pl)+RETENTION(0.524995820799726)
213,1.0 x 0+treatment()+AU(2901006)+IFM(managed)+ORIGIN(planted)+SILV_STATE(cc_pl)+RETENTION(0.524995820799726)
214,1.0 x 0+treatment()+AU(2903009)+IFM(unmanaged)+ORIGIN(natural)+SILV_STATE(baseline)+RETENTION(0.524995820799726)
215,1.0 x 0+treatment()+AU(2903009)+IFM(managed)+ORIGIN(natural)+SILV_STATE(baseline)+RETENTION(0.524995820799726)
216,1.0 x 0+treatment()+AU(2903009)+IFM(managed)+ORIGIN(planted)+SILV_STATE(cc_pl)+RETENTION(0.524995820799726)
217,1.0 x 0+treatment()+AU(2903014)+IFM(unmanaged)+ORIGIN(natural)+SILV_STATE(baseline)+RETENTION(0.524995820799726)
218,1.0 x 0+treatment()+AU(2903014)+IFM(managed)+ORIGIN(natural)+SILV_STATE(baseline)+RETENTION(0.524995820799726)
219,1.0 x 0+treatment()+AU(2903014)+IFM(managed)+ORIGIN(planted)+SILV_STATE(cc_pl)+RETENTION(0.524995820799726)
220,1.0 x 0+treatment()+AU(2901009)+IFM(unmanaged)+ORIGIN(natural)+SILV_STATE(baseline)+RETENTION(0.524995820799726)
221,1.0 x 0+treatment()+AU(2901009)+IFM(managed)+ORIGIN(natural)+SILV_STATE(baseline)+RETENTION(0.524995820799726)
222,1.0 x 0+treatment()+AU(2901009)+IFM(managed)+ORIGIN(planted)+SILV_STATE(cc_pl)+RETENTION(0.524995820799726)
223,1.0 x 0+treatment()+AU(2902010)+IFM(unmanaged)+ORIGIN(planted)+SILV_STATE(cc_pl)+RETENTION(0.524995820799726)
224,1.0 x 0+treatment()+AU(2902001)+IFM(unmanaged)+ORIGIN(natural)+SILV_STATE(baseline)+RETENTION(0.524995820799726)
225,1.0 x 0+treatment()+AU(2902001)+IFM(managed)+ORIGIN(natural)+SILV_STATE(baseline)+RETENTION(0.524995820799726)
226,1.0 x 0+treatment()+AU(2902001)+IFM(managed)+ORIGIN(planted)+SILV_STATE(cc_pl)+RETENTION(0.524995820799726)
227,1.0 x 0+treatment()+AU(2902014)+IFM(unmanaged)+ORIGIN(natural)+SILV_STATE(baseline)+RETENTION(0.524995820799726)
228,1.0 x 0+treatment()+AU(2902014)+IFM(managed)+ORIGIN(natural)+SILV_STATE(baseline)+RETENTION(0.524995820799726)
229,1.0 x 0+treatment()+AU(2902014)+IFM(managed)+ORIGIN(planted)+SILV_STATE(cc_pl)+RETENTION(0.524995820799726)
230,1.0 x 0+treatment()+AU(2903007)+IFM(unmanaged)+ORIGIN(natural)+SILV_STATE(baseline)+RETENTION(0.524995820799726)
231,1.0 x 0+treatment()+AU(2903007)+IFM(managed)+ORIGIN(natural)+SILV_STATE(baseline)+RETENTION(0.524995820799726)
232,1.0 x 0+treatment()+AU(2903007)+IFM(managed)+ORIGIN(planted)+SILV_STATE(cc_pl)+RETENTION(0.524995820799726)
233,1.0 x 0+treatment()+AU(2901010)+IFM(unmanaged)+ORIGIN(planted)+SILV_STATE(cc_pl)+RETENTION(0.524995820799726)
234,1.0 x 0+treatment()+AU(2901004)+IFM(unmanaged)+ORIGIN(planted)+SILV_STATE(cc_pl)+RETENTION(0.0)
235,1.0 x 0+treatment()+AU(2902004)+IFM(unmanaged)+ORIGIN(planted)+SILV_STATE(cc_pl)+RETENTION(0.524995820799726)
236,1.0 x 0+treatment()+AU(2902007)+IFM(unmanaged)+ORIGIN(natural)+SILV_STATE(baseline)+RETENTION(0.524995820799726)
237,1.0 x 0+treatment()+AU(2902007)+IFM(managed)+ORIGIN(natural)+SILV_STATE(baseline)+RETENTION(0.524995820799726)
238,1.0 x 0+treatment()+AU(2902007)+IFM(managed)+ORIGIN(planted)+SILV_STATE(cc_pl)+RETENTION(0.524995820799726)
239,1.0 x 0+treatment()+AU(2902009)+IFM(unmanaged)+ORIGIN(natural)+SILV_STATE(baseline)+RETENTION(0.524995820799726)
240,1.0 x 0+treatment()+AU(2902009)+IFM(managed)+ORIGIN(natural)+SILV_STATE(baseline)+RETENTION(0.524995820799726)
241,1.0 x 0+treatment()+AU(2902009)+IFM(managed)+ORIGIN(planted)+SILV_STATE(cc_pl)+RETENTION(0.524995820799726)
242,1.0 x 0+treatment()+AU(2901014)+IFM(unmanaged)+ORIGIN(natural)+SILV_STATE(baseline)+RETENTION(0.0)
243,1.0 x 0+treatment()+AU(2901000)+IFM(unmanaged)+ORIGIN(planted)+SILV_STATE(cc_pl)+RETENTION(0.524995820799726)
244,1.0 x 0+treatment()+AU(2901000)+IFM(managed)+ORIGIN(planted)+SILV_STATE(cc_pl)+RETENTION(0.524995820799726)
245,1.0 x 0+treatment()+AU(2903014)+IFM(unmanaged)+ORIGIN(planted)+SILV_STATE(cc_pl)+RETENTION(0.524995820799726)
246,1.0 x 0+treatment()+AU(2902014)+IFM(unmanaged)+ORIGIN(natural)+SILV_STATE(baseline)+RETENTION(0.0)
247,1.0 x 0+treatment()+AU(2901001)+IFM(unmanaged)+ORIGIN(planted)+SILV_STATE(cc_pl)+RETENTION(0.524995820799726)
248,1.0 x 0+treatment()+AU(2902009)+IFM(unmanaged)+ORIGIN(natural)+SILV_STATE(baseline)+RETENTION(0.0)
249,1.0 x 0+treatment()+AU(2901006)+IFM(unmanaged)+ORIGIN(natural)+SILV_STATE(baseline)+RETENTION(0.524995820799726)
250,1.0 x 0+treatment()+AU(2901006)+IFM(managed)+ORIGIN(natural)+SILV_STATE(baseline)+RETENTION(0.524995820799726)
251,1.0 x 0+treatment()+AU(2902001)+IFM(unmanaged)+ORIGIN(planted)+SILV_STATE(cc_pl)+RETENTION(0.524995820799726)
252,1.0 x 0+treatment()+AU(2903009)+IFM(unmanaged)+ORIGIN(planted)+SILV_STATE(cc_pl)+RETENTION(0.524995820799726)
253,1.0 x 0+treatment()+AU(2902014)+IFM(unmanaged)+ORIGIN(planted)+SILV_STATE(cc_pl)+RETENTION(0.524995820799726)
254,1.0 x 0+treatment()+AU(2901001)+IFM(unmanaged)+ORIGIN(natural)+SILV_STATE(baseline)+RETENTION(0.0)
255,1.0 x 0+treatment()+AU(2902004)+IFM(unmanaged)+ORIGIN(natural)+SILV_STATE(baseline)+RETENTION(0.0)
256,1.0 x 0+treatment()+AU(2903001)+IFM(unmanaged)+ORIGIN(natural)+SILV_STATE(baseline)+RETENTION(0.0)
257,1.0 x 0+treatment()+AU(2901009)+IFM(unmanaged)+ORIGIN(natural)+SILV_STATE(baseline)+RETENTION(0.0)
258,1.0 x 0+treatment()+AU(2903014)+IFM(unmanaged)+ORIGIN(planted)+SILV_STATE(cc_pl)+RETENTION(0.0)
259,1.0 x 0+treatment()+AU(2903009)+IFM(unmanaged)+ORIGIN(natural)+SILV_STATE(baseline)+RETENTION(0.0)
260,1.0 x 0+treatment()+AU(2903014)+IFM(unmanaged)+ORIGIN(natural)+SILV_STATE(baseline)+RETENTION(0.0)
261,1.0 x 0+treatment()+AU(2902001)+IFM(unmanaged)+ORIGIN(natural)+SILV_STATE(baseline)+RETENTION(0.0)
262,1.0 x 0+treatment()+AU(2903001)+IFM(unmanaged)+ORIGIN(planted)+SILV_STATE(cc_pl)+RETENTION(0.0)
263,1.0 x 0+treatment()+AU(2902007)+IFM(unmanaged)+ORIGIN(natural)+SILV_STATE(baseline)+RETENTION(0.0)
264,1.0 x 0+treatment()+AU(2903007)+IFM(unmanaged)+ORIGIN(natural)+SILV_STATE(baseline)+RETENTION(0.0)
265,1.0 x 0+treatment()+AU(2902014)+IFM(unmanaged)+ORIGIN(planted)+SILV_STATE(cc_pl)+RETENTION(0.0)
266,1.0 x 0+treatment()+AU(2901006)+IFM(unmanaged)+ORIGIN(planted)+SILV_STATE(cc_pl)+RETENTION(0.0)
267,1.0 x 0+treatment()+AU(2903006)+IFM(unmanaged)+ORIGIN(planted)+SILV_STATE(cc_pl)+RETENTION(0.524995820799726)
268,1.0 x 0+treatment()+AU(2903006)+IFM(managed)+ORIGIN(planted)+SILV_STATE(cc_pl)+RETENTION(0.524995820799726)
269,1.0 x 0+treatment()+AU(2903011)+IFM(unmanaged)+ORIGIN(natural)+SILV_STATE(baseline)+RETENTION(0.0)
270,1.0 x 0+treatment()+AU(2902004)+IFM(unmanaged)+ORIGIN(planted)+SILV_STATE(cc_pl)+RETENTION(0.0)
271,1.0 x 0+treatment()+AU(2901006)+IFM(unmanaged)+ORIGIN(natural)+SILV_STATE(baseline)+RETENTION(0.0)
272,1.0 x 0+treatment()+AU(2901005)+IFM(unmanaged)+ORIGIN(planted)+SILV_STATE(cc_pl)+RETENTION(0.0)
273,1.0 x 0+treatment()+AU(2903009)+IFM(unmanaged)+ORIGIN(planted)+SILV_STATE(cc_pl)+RETENTION(0.0)
274,1.0 x 0+treatment()+AU(2903006)+IFM(unmanaged)+ORIGIN(planted)+SILV_STATE(cc_pl)+RETENTION(0.0)
275,1.0 x 0+treatment()+AU(2902017)+IFM(unmanaged)+ORIGIN(planted)+SILV_STATE(cc_pl)+RETENTION(0.0)
276,1.0 x 0+treatment()+AU(2902013)+IFM(unmanaged)+ORIGIN(natural)+SILV_STATE(baseline)+RETENTION(0.524995820799726)
277,1.0 x 0+treatment()+AU(2902013)+IFM(managed)+ORIGIN(natural)+SILV_STATE(baseline)+RETENTION(0.524995820799726)
278,1.0 x 0+treatment()+AU(2902013)+IFM(managed)+ORIGIN(planted)+SILV_STATE(cc_pl)+RETENTION(0.524995820799726)
279,1.0 x 0+treatment()+AU(2902017)+IFM(unmanaged)+ORIGIN(planted)+SILV_STATE(cc_pl)+RETENTION(0.524995820799726)
280,1.0 x 0+treatment()+AU(2902017)+IFM(managed)+ORIGIN(planted)+SILV_STATE(cc_pl)+RETENTION(0.524995820799726)
281,1.0 x 0+treatment()+AU(2902013)+IFM(unmanaged)+ORIGIN(natural)+SILV_STATE(baseline)+RETENTION(0.0)
282,1.0 x 0+treatment()+AU(2903005)+IFM(unmanaged)+ORIGIN(planted)+SILV_STATE(cc_pl)+RETENTION(0.524995820799725)
283,1.0 x 0+treatment()+AU(2903008)+IFM(unmanaged)+ORIGIN(natural)+SILV_STATE(baseline)+RETENTION(0.524995820799725)
284,1.0 x 0+treatment()+AU(2903008)+IFM(managed)+ORIGIN(natural)+SILV_STATE(baseline)+RETENTION(0.524995820799725)
285,1.0 x 0+treatment()+AU(2903008)+IFM(managed)+ORIGIN(planted)+SILV_STATE(cc_pl)+RETENTION(0.524995820799725)
286,1.0 x 0+treatment()+AU(2903011)+IFM(unmanaged)+ORIGIN(natural)+SILV_STATE(baseline)+RETENTION(0.524995820799725)
287,1.0 x 0+treatment()+AU(2903011)+IFM(managed)+ORIGIN(natural)+SILV_STATE(baseline)+RETENTION(0.524995820799725)
288,1.0 x 0+treatment()+AU(2901010)+IFM(unmanaged)+ORIGIN(planted)+SILV_STATE(cc_pl)+RETENTION(0.524995820799725)
289,1.0 x 0+treatment()+AU(2901010)+IFM(unmanaged)+ORIGIN(planted)+SILV_STATE(cc_pl)+RETENTION(0.0)
290,1.0 x 0+treatment()+AU(2902015)+IFM(unmanaged)+ORIGIN(natural)+SILV_STATE(baseline)+RETENTION(0.524995820799726)
291,1.0 x 0+treatment()+AU(2902015)+IFM(managed)+ORIGIN(natural)+SILV_STATE(baseline)+RETENTION(0.524995820799726)
292,1.0 x 0+treatment()+AU(2902015)+IFM(managed)+ORIGIN(planted)+SILV_STATE(cc_pl)+RETENTION(0.524995820799726)
293,1.0 x 0+treatment()+AU(2901015)+IFM(unmanaged)+ORIGIN(natural)+SILV_STATE(baseline)+RETENTION(0.524995820799726)
294,1.0 x 0+treatment()+AU(2901015)+IFM(managed)+ORIGIN(natural)+SILV_STATE(baseline)+RETENTION(0.524995820799726)
295,1.0 x 0+treatment()+AU(2901015)+IFM(managed)+ORIGIN(planted)+SILV_STATE(cc_pl)+RETENTION(0.524995820799726)
296,1.0 x 0+treatment()+AU(2903015)+IFM(unmanaged)+ORIGIN(planted)+SILV_STATE(cc_pl)+RETENTION(0.524995820799726)
297,1.0 x 0+treatment()+AU(2903015)+IFM(managed)+ORIGIN(planted)+SILV_STATE(cc_pl)+RETENTION(0.524995820799726)
298,1.0 x 0+treatment()+AU(2902006)+IFM(unmanaged)+ORIGIN(natural)+SILV_STATE(baseline)+RETENTION(0.524995820799726)
299,1.0 x 0+treatment()+AU(2902006)+IFM(managed)+ORIGIN(natural)+SILV_STATE(baseline)+RETENTION(0.524995820799726)
300,1.0 x 0+treatment()+AU(2902006)+IFM(managed)+ORIGIN(planted)+SILV_STATE(cc_pl)+RETENTION(0.524995820799726)
301,1.0 x 0+treatment()+AU(2903006)+IFM(unmanaged)+ORIGIN(natural)+SILV_STATE(baseline)+RETENTION(0.524995820799726)
302,1.0 x 0+treatment()+AU(2903006)+IFM(managed)+ORIGIN(natural)+SILV_STATE(baseline)+RETENTION(0.524995820799726)
303,1.0 x 0+treatment()+AU(2902015)+IFM(unmanaged)+ORIGIN(planted)+SILV_STATE(cc_pl)+RETENTION(0.524995820799726)
304,1.0 x 0+treatment()+AU(2903006)+IFM(unmanaged)+ORIGIN(natural)+SILV_STATE(baseline)+RETENTION(0.0)
305,1.0 x 0+treatment()+AU(2903015)+IFM(unmanaged)+ORIGIN(natural)+SILV_STATE(baseline)+RETENTION(0.524995820799726)
306,1.0 x 0+treatment()+AU(2903015)+IFM(managed)+ORIGIN(natural)+SILV_STATE(baseline)+RETENTION(0.524995820799726)
307,1.0 x 0+treatment()+AU(2901012)+IFM(unmanaged)+ORIGIN(natural)+SILV_STATE(baseline)+RETENTION(0.524995820799726)
308,1.0 x 0+treatment()+AU(2901012)+IFM(managed)+ORIGIN(natural)+SILV_STATE(baseline)+RETENTION(0.524995820799726)
309,1.0 x 0+treatment()+AU(2901012)+IFM(managed)+ORIGIN(planted)+SILV_STATE(cc_pl)+RETENTION(0.524995820799726)
310,1.0 x 0+treatment()+AU(2901015)+IFM(unmanaged)+ORIGIN(natural)+SILV_STATE(baseline)+RETENTION(0.0)
311,1.0 x 0+treatment()+AU(2902015)+IFM(unmanaged)+ORIGIN(natural)+SILV_STATE(baseline)+RETENTION(0.0)
312,1.0 x 0+treatment()+AU(2901015)+IFM(unmanaged)+ORIGIN(planted)+SILV_STATE(cc_pl)+RETENTION(0.524995820799726)
313,1.0 x 0+treatment()+AU(2903016)+IFM(unmanaged)+ORIGIN(planted)+SILV_STATE(cc_pl)+RETENTION(0.524995820799726)
314,1.0 x 0+treatment()+AU(2903016)+IFM(managed)+ORIGIN(planted)+SILV_STATE(cc_pl)+RETENTION(0.524995820799726)
315,1.0 x 0+treatment()+AU(2903015)+IFM(unmanaged)+ORIGIN(natural)+SILV_STATE(baseline)+RETENTION(0.0)
316,1.0 x 0+treatment()+AU(2902016)+IFM(unmanaged)+ORIGIN(natural)+SILV_STATE(baseline)+RETENTION(0.524995820799726)
317,1.0 x 0+treatment()+AU(2902016)+IFM(managed)+ORIGIN(natural)+SILV_STATE(baseline)+RETENTION(0.524995820799726)
318,1.0 x 0+treatment()+AU(2902016)+IFM(managed)+ORIGIN(planted)+SILV_STATE(cc_pl)+RETENTION(0.524995820799726)
319,1.0 x 0+treatment()+AU(2901016)+IFM(unmanaged)+ORIGIN(natural)+SILV_STATE(baseline)+RETENTION(0.524995820799726)
320,1.0 x 0+treatment()+AU(2901016)+IFM(managed)+ORIGIN(natural)+SILV_STATE(baseline)+RETENTION(0.524995820799726)
321,1.0 x 0+treatment()+AU(2901016)+IFM(managed)+ORIGIN(planted)+SILV_STATE(cc_pl)+RETENTION(0.524995820799726)
322,1.0 x 0+treatment()+AU(2903007)+IFM(unmanaged)+ORIGIN(planted)+SILV_STATE(cc_pl)+RETENTION(0.524995820799726)
323,1.0 x 0+treatment()+AU(2902006)+IFM(unmanaged)+ORIGIN(natural)+SILV_STATE(baseline)+RETENTION(0.0)
324,1.0 x 0+treatment()+AU(2902012)+IFM(unmanaged)+ORIGIN(natural)+SILV_STATE(baseline)+RETENTION(0.524995820799726)
325,1.0 x 0+treatment()+AU(2902012)+IFM(managed)+ORIGIN(natural)+SILV_STATE(baseline)+RETENTION(0.524995820799726)
326,1.0 x 0+treatment()+AU(2902012)+IFM(managed)+ORIGIN(planted)+SILV_STATE(cc_pl)+RETENTION(0.524995820799726)
327,1.0 x 0+treatment()+AU(2901016)+IFM(unmanaged)+ORIGIN(natural)+SILV_STATE(baseline)+RETENTION(0.0)
328,1.0 x 0+treatment()+AU(2903012)+IFM(unmanaged)+ORIGIN(natural)+SILV_STATE(baseline)+RETENTION(0.524995820799726)
329,1.0 x 0+treatment()+AU(2903012)+IFM(managed)+ORIGIN(natural)+SILV_STATE(baseline)+RETENTION(0.524995820799726)
330,1.0 x 0+treatment()+AU(2903012)+IFM(managed)+ORIGIN(planted)+SILV_STATE(cc_pl)+RETENTION(0.524995820799726)
331,1.0 x 0+treatment()+AU(2903016)+IFM(unmanaged)+ORIGIN(natural)+SILV_STATE(baseline)+RETENTION(0.0)
332,1.0 x 0+treatment()+AU(2903016)+IFM(unmanaged)+ORIGIN(natural)+SILV_STATE(baseline)+RETENTION(0.524995820799726)
333,1.0 x 0+treatment()+AU(2903016)+IFM(managed)+ORIGIN(natural)+SILV_STATE(baseline)+RETENTION(0.524995820799726)
334,1.0 x 0+treatment()+AU(2902009)+IFM(unmanaged)+ORIGIN(planted)+SILV_STATE(cc_pl)+RETENTION(0.524995820799726)
335,1.0 x 0+treatment()+AU(2902009)+IFM(unmanaged)+ORIGIN(planted)+SILV_STATE(cc_pl)+RETENTION(0.0)
336,1.0 x 0+treatment()+AU(2901015)+IFM(unmanaged)+ORIGIN(planted)+SILV_STATE(cc_pl)+RETENTION(0.0)
337,1.0 x 0+treatment()+AU(2902016)+IFM(unmanaged)+ORIGIN(natural)+SILV_STATE(baseline)+RETENTION(0.0)
338,1.0 x 0+treatment()+AU(2903015)+IFM(unmanaged)+ORIGIN(planted)+SILV_STATE(cc_pl)+RETENTION(0.0)
339,1.0 x 0+treatment()+AU(2903007)+IFM(unmanaged)+ORIGIN(planted)+SILV_STATE(cc_pl)+RETENTION(0.0)
340,1.0 x 0+treatment()+AU(2902015)+IFM(unmanaged)+ORIGIN(planted)+SILV_STATE(cc_pl)+RETENTION(0.0)
341,1.0 x 0+treatment()+AU(2903016)+IFM(unmanaged)+ORIGIN(planted)+SILV_STATE(cc_pl)+RETENTION(0.0)
342,1.0 x 0+treatment()+AU(2901012)+IFM(unmanaged)+ORIGIN(natural)+SILV_STATE(baseline)+RETENTION(0.0)
343,1.0 x 0+treatment()+AU(2903012)+IFM(unmanaged)+ORIGIN(planted)+SILV_STATE(cc_pl)+RETENTION(0.524995820799726)
344,1.0 x 0+treatment()+AU(2902007)+IFM(unmanaged)+ORIGIN(planted)+SILV_STATE(cc_pl)+RETENTION(0.524995820799726)
345,1.0 x 0+treatment()+AU(2903012)+IFM(unmanaged)+ORIGIN(planted)+SILV_STATE(cc_pl)+RETENTION(0.0)
346,1.0 x 0+treatment()+AU(2903012)+IFM(unmanaged)+ORIGIN(natural)+SILV_STATE(baseline)+RETENTION(0.0)
347,1.0 x 0+treatment()+AU(2902012)+IFM(unmanaged)+ORIGIN(natural)+SILV_STATE(baseline)+RETENTION(0.0)
348,1.0 x 0+treatment()+AU(2902007)+IFM(unmanaged)+ORIGIN(planted)+SILV_STATE(cc_pl)+RETENTION(0.0)
349,1.0 x 0+treatment()+AU(2901007)+IFM(unmanaged)+ORIGIN(natural)+SILV_STATE(baseline)+RETENTION(0.524995820799726)
350,1.0 x 0+treatment()+AU(2901007)+IFM(managed)+ORIGIN(natural)+SILV_STATE(baseline)+RETENTION(0.524995820799726)
351,1.0 x 0+treatment()+AU(2901007)+IFM(managed)+ORIGIN(planted)+SILV_STATE(cc_pl)+RETENTION(0.524995820799726)
352,1.0 x 0+treatment()+AU(2901007)+IFM(unmanaged)+ORIGIN(natural)+SILV_STATE(baseline)+RETENTION(0.0)
353,1.0 x 0+treatment()+AU(2901014)+IFM(unmanaged)+ORIGIN(planted)+SILV_STATE(cc_pl)+RETENTION(0.524995820799726)
354,1.0 x 0+treatment()+AU(2901014)+IFM(managed)+ORIGIN(planted)+SILV_STATE(cc_pl)+RETENTION(0.524995820799726)
355,1.0 x 0+treatment()+AU(2902012)+IFM(unmanaged)+ORIGIN(planted)+SILV_STATE(cc_pl)+RETENTION(0.524995820799726)
356,1.0 x 0+treatment()+AU(2901012)+IFM(unmanaged)+ORIGIN(planted)+SILV_STATE(cc_pl)+RETENTION(0.0)
357,1.0 x 0+treatment()+AU(2902001)+IFM(unmanaged)+ORIGIN(planted)+SILV_STATE(cc_pl)+RETENTION(0.0)
358,1.0 x 0+treatment()+AU(2901001)+IFM(unmanaged)+ORIGIN(planted)+SILV_STATE(cc_pl)+RETENTION(0.0)
359,1.0 x 0+treatment()+AU(2901009)+IFM(unmanaged)+ORIGIN(planted)+SILV_STATE(cc_pl)+RETENTION(0.524995820799726)
360,1.0 x 0+treatment()+AU(2901009)+IFM(unmanaged)+ORIGIN(planted)+SILV_STATE(cc_pl)+RETENTION(0.0)
361,1.0 x 0+treatment()+AU(2901004)+IFM(unmanaged)+ORIGIN(planted)+SILV_STATE(cc_pl)+RETENTION(0.524995820799726)
362,1.0 x 0+treatment()+AU(2901004)+IFM(managed)+ORIGIN(planted)+SILV_STATE(cc_pl)+RETENTION(0.524995820799726)
363,1.0 x 0+treatment()+AU(2901012)+IFM(unmanaged)+ORIGIN(planted)+SILV_STATE(cc_pl)+RETENTION(0.524995820799726)
364,1.0 x 0+treatment()+AU(2903017)+IFM(unmanaged)+ORIGIN(natural)+SILV_STATE(baseline)+RETENTION(0.524995820799726)
365,1.0 x 0+treatment()+AU(2903017)+IFM(managed)+ORIGIN(natural)+SILV_STATE(baseline)+RETENTION(0.524995820799726)
366,1.0 x 0+treatment()+AU(2903017)+IFM(managed)+ORIGIN(planted)+SILV_STATE(cc_pl)+RETENTION(0.524995820799726)
367,1.0 x 0+treatment()+AU(2903017)+IFM(unmanaged)+ORIGIN(planted)+SILV_STATE(cc_pl)+RETENTION(0.524995820799726)
368,1.0 x 0+treatment()+AU(2901013)+IFM(unmanaged)+ORIGIN(planted)+SILV_STATE(cc_pl)+RETENTION(0.524995820799726)
369,1.0 x 0+treatment()+AU(2901017)+IFM(unmanaged)+ORIGIN(natural)+SILV_STATE(baseline)+RETENTION(0.524995820799726)
370,1.0 x 0+treatment()+AU(2901017)+IFM(managed)+ORIGIN(natural)+SILV_STATE(baseline)+RETENTION(0.524995820799726)
371,1.0 x 0+treatment()+AU(2902017)+IFM(unmanaged)+ORIGIN(natural)+SILV_STATE(baseline)+RETENTION(0.0)
372,1.0 x 0+treatment()+AU(2902017)+IFM(unmanaged)+ORIGIN(natural)+SILV_STATE(baseline)+RETENTION(0.524995820799726)
373,1.0 x 0+treatment()+AU(2902017)+IFM(managed)+ORIGIN(natural)+SILV_STATE(baseline)+RETENTION(0.524995820799726)
374,1.0 x 0+treatment()+AU(2903013)+IFM(unmanaged)+ORIGIN(natural)+SILV_STATE(baseline)+RETENTION(0.0)
375,1.0 x 0+treatment()+AU(2903013)+IFM(unmanaged)+ORIGIN(natural)+SILV_STATE(baseline)+RETENTION(0.524995820799726)
376,1.0 x 0+treatment()+AU(2903013)+IFM(managed)+ORIGIN(natural)+SILV_STATE(baseline)+RETENTION(0.524995820799726)
377,1.0 x 0+treatment()+AU(2903013)+IFM(managed)+ORIGIN(planted)+SILV_STATE(cc_pl)+RETENTION(0.524995820799726)
378,1.0 x 0+treatment()+AU(2903017)+IFM(unmanaged)+ORIGIN(natural)+SILV_STATE(baseline)+RETENTION(0.0)
379,1.0 x 0+treatment()+AU(2903013)+IFM(unmanaged)+ORIGIN(planted)+SILV_STATE(cc_pl)+RETENTION(0.524995820799726)
380,1.0 x 0+treatment()+AU(2902013)+IFM(unmanaged)+ORIGIN(planted)+SILV_STATE(cc_pl)+RETENTION(0.524995820799726)
381,1.0 x 0+treatment()+AU(2901017)+IFM(unmanaged)+ORIGIN(natural)+SILV_STATE(baseline)+RETENTION(0.0)
382,1.0 x 0+treatment()+AU(2903017)+IFM(unmanaged)+ORIGIN(planted)+SILV_STATE(cc_pl)+RETENTION(0.0)
383,1.0 x 0+treatment()+AU(2903013)+IFM(unmanaged)+ORIGIN(planted)+SILV_STATE(cc_pl)+RETENTION(0.0)
384,1.0 x 0+treatment()+AU(2902013)+IFM(unmanaged)+ORIGIN(planted)+SILV_STATE(cc_pl)+RETENTION(0.0)
385,1.0 x 0+treatment()+AU(2902012)+IFM(unmanaged)+ORIGIN(planted)+SILV_STATE(cc_pl)+RETENTION(0.0)
386,1.0 x 0+treatment()+AU(2901013)+IFM(unmanaged)+ORIGIN(planted)+SILV_STATE(cc_pl)+RETENTION(0.0)
387,1.0 x 0+treatment()+AU(2902006)+IFM(unmanaged)+ORIGIN(planted)+SILV_STATE(cc_pl)+RETENTION(0.0)
388,1.0 x 0+treatment()+AU(2902006)+IFM(unmanaged)+ORIGIN(planted)+SILV_STATE(cc_pl)+RETENTION(0.524995820799726)
389,1.0 x 0+treatment()+AU(2903001)+IFM(unmanaged)+ORIGIN(planted)+SILV_STATE(cc_pl)+RETENTION(0.524995820799725)
390,1.0 x 0+treatment()+AU(2903001)+IFM(managed)+ORIGIN(planted)+SILV_STATE(cc_pl)+RETENTION(0.524995820799725)
391,1.0 x 0+treatment()+AU(2903001)+IFM(unmanaged)+ORIGIN(natural)+SILV_STATE(baseline)+RETENTION(0.524995820799725)
392,1.0 x 0+treatment()+AU(2903001)+IFM(managed)+ORIGIN(natural)+SILV_STATE(baseline)+RETENTION(0.524995820799725)
393,1.0 x 0+treatment()+AU(2903004)+IFM(unmanaged)+ORIGIN(natural)+SILV_STATE(baseline)+RETENTION(0.524995820799725)
394,1.0 x 0+treatment()+AU(2903004)+IFM(managed)+ORIGIN(natural)+SILV_STATE(baseline)+RETENTION(0.524995820799725)
395,1.0 x 0+treatment()+AU(2903004)+IFM(managed)+ORIGIN(planted)+SILV_STATE(cc_pl)+RETENTION(0.524995820799725)
396,1.0 x 0+treatment()+AU(2901001)+IFM(unmanaged)+ORIGIN(natural)+SILV_STATE(baseline)+RETENTION(0.524995820799725)
397,1.0 x 0+treatment()+AU(2901001)+IFM(managed)+ORIGIN(natural)+SILV_STATE(baseline)+RETENTION(0.524995820799725)
398,1.0 x 0+treatment()+AU(2901001)+IFM(managed)+ORIGIN(planted)+SILV_STATE(cc_pl)+RETENTION(0.524995820799725)
399,1.0 x 0+treatment()+AU(2902004)+IFM(unmanaged)+ORIGIN(natural)+SILV_STATE(baseline)+RETENTION(0.524995820799725)
400,1.0 x 0+treatment()+AU(2902004)+IFM(managed)+ORIGIN(natural)+SILV_STATE(baseline)+RETENTION(0.524995820799725)
401,1.0 x 0+treatment()+AU(2902004)+IFM(managed)+ORIGIN(planted)+SILV_STATE(cc_pl)+RETENTION(0.524995820799725)
402,1.0 x 0+treatment()+AU(2902001)+IFM(unmanaged)+ORIGIN(natural)+SILV_STATE(baseline)+RETENTION(0.524995820799725)
403,1.0 x 0+treatment()+AU(2902001)+IFM(managed)+ORIGIN(natural)+SILV_STATE(baseline)+RETENTION(0.524995820799725)
404,1.0 x 0+treatment()+AU(2902001)+IFM(managed)+ORIGIN(planted)+SILV_STATE(cc_pl)+RETENTION(0.524995820799725)
405,1.0 x 0+treatment()+AU(2903004)+IFM(unmanaged)+ORIGIN(planted)+SILV_STATE(cc_pl)+RETENTION(0.524995820799725)
406,1.0 x 0+treatment()+AU(2902001)+IFM(unmanaged)+ORIGIN(planted)+SILV_STATE(cc_pl)+RETENTION(0.524995820799725)
407,1.0 x 0+treatment()+AU(2901007)+IFM(unmanaged)+ORIGIN(planted)+SILV_STATE(cc_pl)+RETENTION(0.524995820799726)
408,1.0 x 0+treatment()+AU(2902016)+IFM(unmanaged)+ORIGIN(planted)+SILV_STATE(cc_pl)+RETENTION(0.524995820799726)
409,1.0 x 0+treatment()+AU(2902016)+IFM(unmanaged)+ORIGIN(planted)+SILV_STATE(cc_pl)+RETENTION(0.0)
410,1.0 x 0+treatment()+AU(2901016)+IFM(unmanaged)+ORIGIN(planted)+SILV_STATE(cc_pl)+RETENTION(0.524995820799726)
411,1.0 x 0+treatment()+AU(2901007)+IFM(unmanaged)+ORIGIN(planted)+SILV_STATE(cc_pl)+RETENTION(0.0)
412,1.0 x 0+treatment()+AU(2901016)+IFM(unmanaged)+ORIGIN(planted)+SILV_STATE(cc_pl)+RETENTION(0.0)
413,1.0 x 0+treatment()+AU(2902009)+IFM(unmanaged)+ORIGIN(natural)+SILV_STATE(baseline)+RETENTION(0.524995820799725)
414,1.0 x 0+treatment()+AU(2902009)+IFM(managed)+ORIGIN(natural)+SILV_STATE(baseline)+RETENTION(0.524995820799725)
415,1.0 x 0+treatment()+AU(2902009)+IFM(managed)+ORIGIN(planted)+SILV_STATE(cc_pl)+RETENTION(0.524995820799725)
416,1.0 x 0+treatment()+AU(2901009)+IFM(unmanaged)+ORIGIN(natural)+SILV_STATE(baseline)+RETENTION(0.524995820799725)
417,1.0 x 0+treatment()+AU(2901009)+IFM(managed)+ORIGIN(natural)+SILV_STATE(baseline)+RETENTION(0.524995820799725)
418,1.0 x 0+treatment()+AU(2901009)+IFM(managed)+ORIGIN(planted)+SILV_STATE(cc_pl)+RETENTION(0.524995820799725)
419,1.0 x 0+treatment()+AU(2902004)+IFM(unmanaged)+ORIGIN(planted)+SILV_STATE(cc_pl)+RETENTION(0.524995820799725)
420,1.0 x 0+treatment()+AU(2901006)+IFM(unmanaged)+ORIGIN(planted)+SILV_STATE(cc_pl)+RETENTION(0.524995820799725)
421,1.0 x 0+treatment()+AU(2901006)+IFM(managed)+ORIGIN(planted)+SILV_STATE(cc_pl)+RETENTION(0.524995820799725)
422,1.0 x 0+treatment()+AU(2903014)+IFM(unmanaged)+ORIGIN(natural)+SILV_STATE(baseline)+RETENTION(0.524995820799725)
423,1.0 x 0+treatment()+AU(2903014)+IFM(managed)+ORIGIN(natural)+SILV_STATE(baseline)+RETENTION(0.524995820799725)
424,1.0 x 0+treatment()+AU(2903014)+IFM(managed)+ORIGIN(planted)+SILV_STATE(cc_pl)+RETENTION(0.524995820799725)
425,1.0 x 0+treatment()+AU(2902014)+IFM(unmanaged)+ORIGIN(natural)+SILV_STATE(baseline)+RETENTION(0.524995820799725)
426,1.0 x 0+treatment()+AU(2902014)+IFM(managed)+ORIGIN(natural)+SILV_STATE(baseline)+RETENTION(0.524995820799725)
427,1.0 x 0+treatment()+AU(2902014)+IFM(managed)+ORIGIN(planted)+SILV_STATE(cc_pl)+RETENTION(0.524995820799725)
428,1.0 x 0+treatment()+AU(2903014)+IFM(unmanaged)+ORIGIN(planted)+SILV_STATE(cc_pl)+RETENTION(0.524995820799725)
429,1.0 x 0+treatment()+AU(2901006)+IFM(unmanaged)+ORIGIN(natural)+SILV_STATE(baseline)+RETENTION(0.524995820799725)
430,1.0 x 0+treatment()+AU(2901006)+IFM(managed)+ORIGIN(natural)+SILV_STATE(baseline)+RETENTION(0.524995820799725)
431,1.0 x 0+treatment()+AU(2902006)+IFM(unmanaged)+ORIGIN(natural)+SILV_STATE(baseline)+RETENTION(0.524995820799725)
432,1.0 x 0+treatment()+AU(2902006)+IFM(managed)+ORIGIN(natural)+SILV_STATE(baseline)+RETENTION(0.524995820799725)
433,1.0 x 0+treatment()+AU(2902006)+IFM(managed)+ORIGIN(planted)+SILV_STATE(cc_pl)+RETENTION(0.524995820799725)
434,1.0 x 0+treatment()+AU(2902005)+IFM(unmanaged)+ORIGIN(natural)+SILV_STATE(baseline)+RETENTION(0.524995820799725)
435,1.0 x 0+treatment()+AU(2902005)+IFM(managed)+ORIGIN(natural)+SILV_STATE(baseline)+RETENTION(0.524995820799725)
436,1.0 x 0+treatment()+AU(2903006)+IFM(unmanaged)+ORIGIN(natural)+SILV_STATE(baseline)+RETENTION(0.524995820799725)
437,1.0 x 0+treatment()+AU(2903006)+IFM(managed)+ORIGIN(natural)+SILV_STATE(baseline)+RETENTION(0.524995820799725)
438,1.0 x 0+treatment()+AU(2903006)+IFM(managed)+ORIGIN(planted)+SILV_STATE(cc_pl)+RETENTION(0.524995820799725)
439,1.0 x 0+treatment()+AU(2902008)+IFM(unmanaged)+ORIGIN(planted)+SILV_STATE(cc_pl)+RETENTION(0.524995820799725)
440,1.0 x 0+treatment()+AU(2901008)+IFM(unmanaged)+ORIGIN(planted)+SILV_STATE(cc_pl)+RETENTION(0.524995820799725)
441,1.0 x 0+treatment()+AU(2903008)+IFM(unmanaged)+ORIGIN(planted)+SILV_STATE(cc_pl)+RETENTION(0.524995820799725)
442,1.0 x 0+treatment()+AU(2901004)+IFM(unmanaged)+ORIGIN(planted)+SILV_STATE(cc_pl)+RETENTION(0.524995820799725)
443,1.0 x 0+treatment()+AU(2901004)+IFM(managed)+ORIGIN(planted)+SILV_STATE(cc_pl)+RETENTION(0.524995820799725)
444,1.0 x 0+treatment()+AU(2903007)+IFM(unmanaged)+ORIGIN(planted)+SILV_STATE(cc_pl)+RETENTION(0.524995820799725)
445,1.0 x 0+treatment()+AU(2903007)+IFM(managed)+ORIGIN(planted)+SILV_STATE(cc_pl)+RETENTION(0.524995820799725)
446,1.0 x 0+treatment()+AU(2901001)+IFM(unmanaged)+ORIGIN(planted)+SILV_STATE(cc_pl)+RETENTION(0.524995820799725)
447,1.0 x 0+treatment()+AU(2902007)+IFM(unmanaged)+ORIGIN(natural)+SILV_STATE(baseline)+RETENTION(0.524995820799725)
448,1.0 x 0+treatment()+AU(2902007)+IFM(managed)+ORIGIN(natural)+SILV_STATE(baseline)+RETENTION(0.524995820799725)
449,1.0 x 0+treatment()+AU(2902007)+IFM(managed)+ORIGIN(planted)+SILV_STATE(cc_pl)+RETENTION(0.524995820799725)
450,1.0 x 0+treatment()+AU(2903007)+IFM(unmanaged)+ORIGIN(natural)+SILV_STATE(baseline)+RETENTION(0.524995820799725)
451,1.0 x 0+treatment()+AU(2903007)+IFM(managed)+ORIGIN(natural)+SILV_STATE(baseline)+RETENTION(0.524995820799725)
452,1.0 x 0+treatment()+AU(2901007)+IFM(unmanaged)+ORIGIN(natural)+SILV_STATE(baseline)+RETENTION(0.524995820799725)
453,1.0 x 0+treatment()+AU(2901007)+IFM(managed)+ORIGIN(natural)+SILV_STATE(baseline)+RETENTION(0.524995820799725)
454,1.0 x 0+treatment()+AU(2901007)+IFM(managed)+ORIGIN(planted)+SILV_STATE(cc_pl)+RETENTION(0.524995820799725)
455,1.0 x 0+treatment()+AU(2902006)+IFM(unmanaged)+ORIGIN(planted)+SILV_STATE(cc_pl)+RETENTION(0.524995820799725)
456,1.0 x 0+treatment()+AU(2903006)+IFM(unmanaged)+ORIGIN(planted)+SILV_STATE(cc_pl)+RETENTION(0.524995820799725)
457,1.0 x 0+treatment()+AU(2901013)+IFM(unmanaged)+ORIGIN(natural)+SILV_STATE(baseline)+RETENTION(0.524995820799725)
458,1.0 x 0+treatment()+AU(2901013)+IFM(managed)+ORIGIN(natural)+SILV_STATE(baseline)+RETENTION(0.524995820799725)
459,1.0 x 0+treatment()+AU(2901013)+IFM(managed)+ORIGIN(planted)+SILV_STATE(cc_pl)+RETENTION(0.524995820799725)
460,1.0 x 0+treatment()+AU(2903009)+IFM(unmanaged)+ORIGIN(natural)+SILV_STATE(baseline)+RETENTION(0.524995820799725)
461,1.0 x 0+treatment()+AU(2903009)+IFM(managed)+ORIGIN(natural)+SILV_STATE(baseline)+RETENTION(0.524995820799725)
462,1.0 x 0+treatment()+AU(2903009)+IFM(managed)+ORIGIN(planted)+SILV_STATE(cc_pl)+RETENTION(0.524995820799725)
463,1.0 x 0+treatment()+AU(2902014)+IFM(unmanaged)+ORIGIN(planted)+SILV_STATE(cc_pl)+RETENTION(0.524995820799725)
464,1.0 x 0+treatment()+AU(2901007)+IFM(unmanaged)+ORIGIN(planted)+SILV_STATE(cc_pl)+RETENTION(0.524995820799725)
465,1.0 x 0+treatment()+AU(2901016)+IFM(unmanaged)+ORIGIN(natural)+SILV_STATE(baseline)+RETENTION(0.524995820799725)
466,1.0 x 0+treatment()+AU(2901016)+IFM(managed)+ORIGIN(natural)+SILV_STATE(baseline)+RETENTION(0.524995820799725)
467,1.0 x 0+treatment()+AU(2901016)+IFM(managed)+ORIGIN(planted)+SILV_STATE(cc_pl)+RETENTION(0.524995820799725)
468,1.0 x 0+treatment()+AU(2903009)+IFM(unmanaged)+ORIGIN(planted)+SILV_STATE(cc_pl)+RETENTION(0.524995820799725)
469,1.0 x 0+treatment()+AU(2901015)+IFM(unmanaged)+ORIGIN(natural)+SILV_STATE(baseline)+RETENTION(0.524995820799725)
470,1.0 x 0+treatment()+AU(2901015)+IFM(managed)+ORIGIN(natural)+SILV_STATE(baseline)+RETENTION(0.524995820799725)
471,1.0 x 0+treatment()+AU(2901015)+IFM(managed)+ORIGIN(planted)+SILV_STATE(cc_pl)+RETENTION(0.524995820799725)
472,1.0 x 0+treatment()+AU(2902015)+IFM(unmanaged)+ORIGIN(natural)+SILV_STATE(baseline)+RETENTION(0.524995820799725)
473,1.0 x 0+treatment()+AU(2902015)+IFM(managed)+ORIGIN(natural)+SILV_STATE(baseline)+RETENTION(0.524995820799725)
474,1.0 x 0+treatment()+AU(2902015)+IFM(managed)+ORIGIN(planted)+SILV_STATE(cc_pl)+RETENTION(0.524995820799725)
475,1.0 x 0+treatment()+AU(2902012)+IFM(unmanaged)+ORIGIN(natural)+SILV_STATE(baseline)+RETENTION(0.524995820799725)
476,1.0 x 0+treatment()+AU(2902012)+IFM(managed)+ORIGIN(natural)+SILV_STATE(baseline)+RETENTION(0.524995820799725)
477,1.0 x 0+treatment()+AU(2902012)+IFM(managed)+ORIGIN(planted)+SILV_STATE(cc_pl)+RETENTION(0.524995820799725)
478,1.0 x 0+treatment()+AU(2902016)+IFM(unmanaged)+ORIGIN(natural)+SILV_STATE(baseline)+RETENTION(0.524995820799725)
479,1.0 x 0+treatment()+AU(2902016)+IFM(managed)+ORIGIN(natural)+SILV_STATE(baseline)+RETENTION(0.524995820799725)
480,1.0 x 0+treatment()+AU(2902016)+IFM(managed)+ORIGIN(planted)+SILV_STATE(cc_pl)+RETENTION(0.524995820799725)
481,1.0 x 0+treatment()+AU(2901017)+IFM(unmanaged)+ORIGIN(natural)+SILV_STATE(baseline)+RETENTION(0.524995820799725)
482,1.0 x 0+treatment()+AU(2901017)+IFM(managed)+ORIGIN(natural)+SILV_STATE(baseline)+RETENTION(0.524995820799725)
483,1.0 x 0+treatment()+AU(2901017)+IFM(managed)+ORIGIN(planted)+SILV_STATE(cc_pl)+RETENTION(0.524995820799725)
484,1.0 x 0+treatment()+AU(2901012)+IFM(unmanaged)+ORIGIN(natural)+SILV_STATE(baseline)+RETENTION(0.524995820799725)
485,1.0 x 0+treatment()+AU(2901012)+IFM(managed)+ORIGIN(natural)+SILV_STATE(baseline)+RETENTION(0.524995820799725)
486,1.0 x 0+treatment()+AU(2901012)+IFM(managed)+ORIGIN(planted)+SILV_STATE(cc_pl)+RETENTION(0.524995820799725)
487,1.0 x 0+treatment()+AU(2903015)+IFM(unmanaged)+ORIGIN(planted)+SILV_STATE(cc_pl)+RETENTION(0.524995820799725)
488,1.0 x 0+treatment()+AU(2903015)+IFM(managed)+ORIGIN(planted)+SILV_STATE(cc_pl)+RETENTION(0.524995820799725)
489,1.0 x 0+treatment()+AU(2902017)+IFM(unmanaged)+ORIGIN(natural)+SILV_STATE(baseline)+RETENTION(0.524995820799725)
490,1.0 x 0+treatment()+AU(2902017)+IFM(managed)+ORIGIN(natural)+SILV_STATE(baseline)+RETENTION(0.524995820799725)
491,1.0 x 0+treatment()+AU(2902017)+IFM(managed)+ORIGIN(planted)+SILV_STATE(cc_pl)+RETENTION(0.524995820799725)
492,1.0 x 0+treatment()+AU(2902017)+IFM(unmanaged)+ORIGIN(planted)+SILV_STATE(cc_pl)+RETENTION(0.524995820799725)
493,1.0 x 0+treatment()+AU(2901017)+IFM(unmanaged)+ORIGIN(planted)+SILV_STATE(cc_pl)+RETENTION(0.524995820799725)
494,1.0 x 0+treatment()+AU(2903016)+IFM(unmanaged)+ORIGIN(natural)+SILV_STATE(baseline)+RETENTION(0.524995820799725)
495,1.0 x 0+treatment()+AU(2903016)+IFM(managed)+ORIGIN(natural)+SILV_STATE(baseline)+RETENTION(0.524995820799725)
496,1.0 x 0+treatment()+AU(2903016)+IFM(managed)+ORIGIN(planted)+SILV_STATE(cc_pl)+RETENTION(0.524995820799725)
497,1.0 x 0+treatment()+AU(2903017)+IFM(unmanaged)+ORIGIN(planted)+SILV_STATE(cc_pl)+RETENTION(0.524995820799725)
498,1.0 x 0+treatment()+AU(2903017)+IFM(managed)+ORIGIN(planted)+SILV_STATE(cc_pl)+RETENTION(0.524995820799725)
499,1.0 x 0+treatment()+AU(2901013)+IFM(unmanaged)+ORIGIN(planted)+SILV_STATE(cc_pl)+RETENTION(0.524995820799725)
500,1.0 x 0+treatment()+AU(2903017)+IFM(unmanaged)+ORIGIN(natural)+SILV_STATE(baseline)+RETENTION(0.524995820799725)
501,1.0 x 0+treatment()+AU(2903017)+IFM(managed)+ORIGIN(natural)+SILV_STATE(baseline)+RETENTION(0.524995820799725)
502,1.0 x 0+treatment()+AU(2903016)+IFM(unmanaged)+ORIGIN(planted)+SILV_STATE(cc_pl)+RETENTION(0.524995820799725)
503,1.0 x 0+treatment()+AU(2903013)+IFM(unmanaged)+ORIGIN(natural)+SILV_STATE(baseline)+RETENTION(0.524995820799725)
504,1.0 x 0+treatment()+AU(2903013)+IFM(managed)+ORIGIN(natural)+SILV_STATE(baseline)+RETENTION(0.524995820799725)
505,1.0 x 0+treatment()+AU(2903013)+IFM(managed)+ORIGIN(planted)+SILV_STATE(cc_pl)+RETENTION(0.524995820799725)
506,1.0 x 0+treatment()+AU(2903012)+IFM(unmanaged)+ORIGIN(natural)+SILV_STATE(baseline)+RETENTION(0.524995820799725)
507,1.0 x 0+treatment()+AU(2903012)+IFM(managed)+ORIGIN(natural)+SILV_STATE(baseline)+RETENTION(0.524995820799725)
508,1.0 x 0+treatment()+AU(2903012)+IFM(managed)+ORIGIN(planted)+SILV_STATE(cc_pl)+RETENTION(0.524995820799725)
509,1.0 x 0+treatment()+AU(2903015)+IFM(unmanaged)+ORIGIN(natural)+SILV_STATE(baseline)+RETENTION(0.524995820799725)
510,1.0 x 0+treatment()+AU(2903015)+IFM(managed)+ORIGIN(natural)+SILV_STATE(baseline)+RETENTION(0.524995820799725)
511,1.0 x 0+treatment()+AU(2903012)+IFM(unmanaged)+ORIGIN(planted)+SILV_STATE(cc_pl)+RETENTION(0.524995820799725)
512,1.0 x 0+treatment()+AU(2903013)+IFM(unmanaged)+ORIGIN(planted)+SILV_STATE(cc_pl)+RETENTION(0.524995820799725)
513,1.0 x 0+treatment()+AU(2902015)+IFM(unmanaged)+ORIGIN(planted)+SILV_STATE(cc_pl)+RETENTION(0.524995820799725)
514,1.0 x 0+treatment()+AU(2901015)+IFM(unmanaged)+ORIGIN(planted)+SILV_STATE(cc_pl)+RETENTION(0.524995820799725)
515,1.0 x 0+treatment()+AU(2902009)+IFM(unmanaged)+ORIGIN(planted)+SILV_STATE(cc_pl)+RETENTION(0.524995820799725)
516,1.0 x 0+treatment()+AU(2902013)+IFM(unmanaged)+ORIGIN(planted)+SILV_STATE(cc_pl)+RETENTION(0.524995820799725)
517,1.0 x 0+treatment()+AU(2902013)+IFM(managed)+ORIGIN(planted)+SILV_STATE(cc_pl)+RETENTION(0.524995820799725)
518,1.0 x 0+treatment()+AU(2902007)+IFM(unmanaged)+ORIGIN(planted)+SILV_STATE(cc_pl)+RETENTION(0.524995820799725)
519,1.0 x 0+treatment()+AU(2902013)+IFM(unmanaged)+ORIGIN(natural)+SILV_STATE(baseline)+RETENTION(0.524995820799725)
520,1.0 x 0+treatment()+AU(2902013)+IFM(managed)+ORIGIN(natural)+SILV_STATE(baseline)+RETENTION(0.524995820799725)
521,1.0 x 0+treatment()+AU(2901012)+IFM(unmanaged)+ORIGIN(planted)+SILV_STATE(cc_pl)+RETENTION(0.524995820799725)
522,1.0 x 0+treatment()+AU(2901014)+IFM(unmanaged)+ORIGIN(planted)+SILV_STATE(cc_pl)+RETENTION(0.524995820799725)
523,1.0 x 0+treatment()+AU(2901014)+IFM(managed)+ORIGIN(planted)+SILV_STATE(cc_pl)+RETENTION(0.524995820799725)
524,1.0 x 0+treatment()+AU(2901014)+IFM(unmanaged)+ORIGIN(planted)+SILV_STATE(cc_pl)+RETENTION(0.0)
